Store name,LOCATION,CITY,CM,Wall,Panel Name,BRAND,BRAND Type,Product,Product Type,x,SHELF,Per shelf,Capacity,x.1,PEGS,Per peg,Capacity.1,Unnamed: 18
IMAGINE- UB CITY BENGALURU,IMAGINE @ U.B.CITY,Bangalore,Chandana,W1,Apple Panel,Apple,,Apple Accessories,,,3,5,5,,30,8,240,
IMAGINE- UB CITY BENGALURU,IMAGINE @ U.B.CITY,Bangalore,Chandana,W2,Mixed Panel,Apple/Popsoket/UAG/Panzer,Tekne+,Apple phone cases/Accessories,Phone case,,-,-,-,,48,10,480,
IMAGINE- UB CITY BENGALURU,IMAGINE @ U.B.CITY,Bangalore,Chandana,W3,TPA Panel,TEKNE,Tekne,Phone cases,Phone case,,-,-,-,,48,10,480,
IMAGINE- UB CITY BENGALURU,IMAGINE @ U.B.CITY,Bangalore,Chandana,W4,TPA Panel,TEKNE,Tekne,IPAD CASES/ IPAD TG,,,-,-,-,,18,8,144,
IMAGINE- UB CITY BENGALURU,IMAGINE @ U.B.CITY,Bangalore,Chandana,W5,Mixed Panel,Apple/Native Union,,Watch Bands,,,-,-,-,,18,8,144,
IMAGINE- UB CITY BENGALURU,IMAGINE @ U.B.CITY,Bangalore,Chandana,W6,Apple Panel,APPLE,,Homepod,,,3,4,4,,0,0,0,
IMAGINE- UB CITY BENGALURU,IMAGINE @ U.B.CITY,Bangalore,Chandana,W7,TPA Panel,Tekne,Tekne,Organiser/TSF/adaptors,,,3,4,8,,24,8,192,
IMAGINE- UB CITY BENGALURU,IMAGINE @ U.B.CITY,Bangalore,Chandana,W8,Apple Panel,APPLE,,AIRPODS/ Beats /Magic keyboards,,,4,14,6,,,,,
IMAGINE- UB CITY BENGALURU,IMAGINE @ U.B.CITY,Bangalore,Chandana,W9,Apple Panel,APPLE,,Phones/Pencil/Magic keyboards for ipad,,,8,6,6,,,,,
IMAGINE- UB CITY BENGALURU,IMAGINE @ U.B.CITY,Bangalore,Chandana,W10,Apple Panel,APPLE,,Mac/Airpods/Beats,,,3,10,10,,0,0,0,
IMAGINE- HSR LAYOUT BENGALURU,IMAGINE @ HSR LAYOUT,Bangalore,Priya,W1,TPA Panel,PANZER,,LENS PROTECTOR/TG,,,-,-,-,,24,8,192,
IMAGINE- HSR LAYOUT BENGALURU,IMAGINE @ HSR LAYOUT,Bangalore,Priya,W2,TPA Panel,TEKNE,Tekne,IPHONE CASES,Phone case,,-,-,-,,42,8,336,
IMAGINE- HSR LAYOUT BENGALURU,IMAGINE @ HSR LAYOUT,Bangalore,Priya,W3,TPA Panel,TEKNE,Tekne,IPHONE CASES,Phone case,,-,-,-,,48,8,384,
IMAGINE- HSR LAYOUT BENGALURU,IMAGINE @ HSR LAYOUT,Bangalore,Priya,W4,Mixed Panel,APPLE/TEKNE,Tekne+,IPHONE CASES/IPHONE CASES,Phone case,,-,-,-,,48,8,384,
IMAGINE- HSR LAYOUT BENGALURU,IMAGINE @ HSR LAYOUT,Bangalore,Priya,W5,TPA Panel,TEKNE,Tekne,HUBS/POWER ADAPTORS/CABLES,,,-,-,-,,48,8,384,
IMAGINE- HSR LAYOUT BENGALURU,IMAGINE @ HSR LAYOUT,Bangalore,Priya,W6,Apple Panel,APPLE,,HOMEPOD MINI/HOMEPOD,,,3,2,4,,0,0,0,
IMAGINE- HSR LAYOUT BENGALURU,IMAGINE @ HSR LAYOUT,Bangalore,Priya,W7,TPA Panel,TEKNE/GRIPP,Tekne+,IPAD CASES/ IPAD TG,,,-,-,-,,20,8,160,
IMAGINE- HSR LAYOUT BENGALURU,IMAGINE @ HSR LAYOUT,Bangalore,Priya,W8,Apple Panel,APPLE,,APPLE TV,,,3,2,4,,0,0,0,
IMAGINE- HSR LAYOUT BENGALURU,IMAGINE @ HSR LAYOUT,Bangalore,Priya,W9,Apple Panel,APPLE,,ADAPTORS/ CABLES/EARPHONES/ MAGIC KEYBOARD/ MAGIC MOUSE/ APPLE PENCIL,,,3,2,4,,30,10,300,
IMAGINE- HSR LAYOUT BENGALURU,IMAGINE @ HSR LAYOUT,Bangalore,Priya,W10,Apple Panel,APPLE,,IPHONES/ AIRPODS/ ADAPTORS,,,3,6,6,,24,8,192,
IMAGINE- HSR LAYOUT BENGALURU,IMAGINE @ HSR LAYOUT,Bangalore,Priya,W11,Apple Panel,APPLE/ BEATS,,AIRPODS/ BEATS HEADPHONE,,,2,6,6,,0,0,0,
IMAGINE- HSR LAYOUT BENGALURU,IMAGINE @ HSR LAYOUT,Bangalore,Priya,W12,TPA Panel,POP SOCKETS/VALENTA/ POWERUP,,POPSOCKETS/SSD DRIVE/ CARD HIOLDERS/ MOBILE HOLDERS/,,,-,-,-,,30,8,240,
IMAGINE- HSR LAYOUT BENGALURU,IMAGINE @ HSR LAYOUT,Bangalore,Priya,W13,TPA Panel,UH/TEKNE/BOSE/PANZER/ GRAVASTAR,Tekne+,UH RING/ TEKNE SPRAY/ PANZER SPRAY/TEKNE ORGANIZER/ GAMING MOUSE,,,4,6,6,,0,0,0,
IMAGINE- VEGA CITY MALL BENGALURU,IMAGINE @ VEGA CITY,BANGALORE,PRIYA,W1,PA,Apple,,Apple Accessories,,,0,0,0,,30,7,210,
IMAGINE- VEGA CITY MALL BENGALURU,IMAGINE @ VEGA CITY,BANGALORE,PRIYA,W1,PA,Apple,,Apple Accessories,,,4,25,100,,0,0,0,
IMAGINE- VEGA CITY MALL BENGALURU,IMAGINE @ VEGA CITY,BANGALORE,PRIYA,W2,PM,"Apple,Tekne and Panzer",Tekne+,"Watch Bands,Cases and TG",Phone case,,0,0,0,,36,5,180,
IMAGINE- VEGA CITY MALL BENGALURU,IMAGINE @ VEGA CITY,BANGALORE,PRIYA,W3,PM,"Apple,Tucano and Tekne",Tekne+,iPad Cases,,,0,0,0,,36,3,108,
IMAGINE- VEGA CITY MALL BENGALURU,IMAGINE @ VEGA CITY,BANGALORE,PRIYA,W4,PA,Apple,,"Apple TV,iPad and Apple Watch",,,6,16,96,,0,0,0,
IMAGINE- VEGA CITY MALL BENGALURU,IMAGINE @ VEGA CITY,BANGALORE,PRIYA,W5,PM,Apple and Tekne,Tekne+,iPhone Cases,Phone case,,0,0,0,,36,5,180,
IMAGINE- VEGA CITY MALL BENGALURU,IMAGINE @ VEGA CITY,BANGALORE,PRIYA,W6,PM,Apple and Tekne,Tekne+,iPhone Cases,Phone case,,0,0,0,,36,5,180,
IMAGINE- VEGA CITY MALL BENGALURU,IMAGINE @ VEGA CITY,BANGALORE,PRIYA,W7,PM,Apple and Tekne,Tekne+,iPhone Cases,Phone case,,0,0,0,,36,5,180,
IMAGINE- VEGA CITY MALL BENGALURU,IMAGINE @ VEGA CITY,BANGALORE,PRIYA,W8,PA,Apple,,iPhone,,,6,30,180,,0,0,0,
IMAGINE- VEGA CITY MALL BENGALURU,IMAGINE @ VEGA CITY,BANGALORE,PRIYA,W9,PM,Apple and Native Union,,Apple Accessories and Sleeve,,,2,10,20,,8,5,40,
IMAGINE- VEGA CITY MALL BENGALURU,IMAGINE @ VEGA CITY,BANGALORE,PRIYA,W10,PM,"Apple ,Beats and Native Union",,"Airpods ,Beats and Native union",,,3,15,45,,0,0,0,
IMAGINE- VEGA CITY MALL BENGALURU,IMAGINE @ VEGA CITY,BANGALORE,PRIYA,W11,PT,"Tucano,Rivacase",,Macbook Sleeves,,,5,10,50,,0,0,0,
IMAGINE- VEGA CITY MALL BENGALURU,IMAGINE @ VEGA CITY,BANGALORE,PRIYA,W12,PT,"Tucano,Rivacase and Native Union",,Macbook Sleeves,,,5,10,50,,0,0,0,
IMAGINE- VEGA CITY MALL BENGALURU,IMAGINE @ VEGA CITY,BANGALORE,PRIYA,W13,PT,Tekne and Marshall,Tekne+,"Cables, Adapters and Speakers",,,3,10,30,,24,5,120,
IMAGINE- VEGA CITY MALL BENGALURU,IMAGINE @ VEGA CITY,BANGALORE,PRIYA,W14,PT,"Panzer,Belkin and Gripp",,TG and Lens Protector,,,0,0,0,,48,7,336,
IMAGINE- VEGA CITY MALL BENGALURU,IMAGINE @ VEGA CITY,BANGALORE,PRIYA,W15,PT,Marshall,,Speakers,,,4,2,8,,0,0,0,
IMAGINE- VEGA CITY MALL BENGALURU,IMAGINE @ VEGA CITY,BANGALORE,PRIYA,W16,PT,Bose,,Speakers,,,4,2,8,,0,0,0,
IMAGINE- VEGA CITY MALL BENGALURU,IMAGINE @ VEGA CITY,BANGALORE,PRIYA,W17,PT,"Tekan,Powerup and Belkin",,"Wireless Charger,Privacy Filter and Car Charger Connector",,,0,0,0,,22,5,110,
IMAGINE- VEGA CITY MALL BENGALURU,IMAGINE @ VEGA CITY,BANGALORE,PRIYA,W18,PT,Tekan and Native Union,,Tekne Essitional Kit and Sleeves,,,4,10,40,,0,0,0,
IMAGINE- THE GALLERIA MALL BENGALURU,IMAGINE @ RMZ GALLERIA,BANGALORE,Srijith,W1,PA,Apple,,Apple Accessories,,,3,3,9,,30,5,180,
IMAGINE- THE GALLERIA MALL BENGALURU,IMAGINE @ RMZ GALLERIA,BANGALORE,Srijith,W2,PA,Apple,,Apple Watch,,,3,8,24,,0,0,0,
IMAGINE- THE GALLERIA MALL BENGALURU,IMAGINE @ RMZ GALLERIA,BANGALORE,Srijith,W3,PM,Apple & Tekne,Tekne+,Watch Bands Cables Power Banks and Adapter,,,0,0,0,,42,5,210,
IMAGINE- THE GALLERIA MALL BENGALURU,IMAGINE @ RMZ GALLERIA,BANGALORE,Srijith,W4,PM,Apple Tekne & Gripp,Tekne+,iPhone Cases & TG,Phone case,,0,0,0,,42,5,210,
IMAGINE- THE GALLERIA MALL BENGALURU,IMAGINE @ RMZ GALLERIA,BANGALORE,Srijith,W4,PT,Tekne,Tekne,iPhone Cases,Phone case,,0,0,0,,42,5,210,
IMAGINE- THE GALLERIA MALL BENGALURU,IMAGINE @ RMZ GALLERIA,BANGALORE,Srijith,W5,PM,Apple Tekne & Gripp,Tekne+,iPad Cases and TG,Phone case,,0,0,0,,20,5,100,
IMAGINE- THE GALLERIA MALL BENGALURU,IMAGINE @ RMZ GALLERIA,BANGALORE,Srijith,W6,PT,Gripp and Tucano,,Sleevs and Bagpacks,,,3,10,30,,2,3,6,
IMAGINE- THE GALLERIA MALL BENGALURU,IMAGINE @ RMZ GALLERIA,BANGALORE,Srijith,W6,PA,Apple,,iPhones and iPads,,,7,20,140,,0,0,0,
IMAGINE- THE GALLERIA MALL BENGALURU,IMAGINE @ RMZ GALLERIA,BANGALORE,Srijith,W7,PA,Apple,,Homepods and Homepod Mini,,,3,6,18,,0,0,0,
IMAGINE- THE GALLERIA MALL BENGALURU,IMAGINE @ RMZ GALLERIA,BANGALORE,Srijith,W8,PT,Pulse Tekne & Belkin,Tekne+,"Adapters,Orginser,Tekne,Essentinal Kit Pulse Magnetic Filter",,,4,10,40,,0,0,0,
IMAGINE- THE GALLERIA MALL BENGALURU,IMAGINE @ RMZ GALLERIA,BANGALORE,Srijith,W9,PA,Apple,,"Airpods, Keyboard, Adapters",,,3,5,15,,18,5,90,
IMAGINE- THE GALLERIA MALL BENGALURU,IMAGINE @ RMZ GALLERIA,BANGALORE,Srijith,W10,PM,Apple Tekne Marshall Belkin Fuelbox Logitech Beats Sandisk & Poweup,Tekne+,"Mac Accessiores, Speakers, SSD, Beats Airpods",,,,,,,,,,
IMAGINE- NEXUS KORAMANGALA BENGALURU,IMAGINE @ NEXUS MALL,BANGALORE,PRIYA,W1,PM,APPLE/TPA,,WATCH BANDS,,,,,,,60,3,180,
IMAGINE- NEXUS KORAMANGALA BENGALURU,IMAGINE @ NEXUS MALL,BANGALORE,PRIYA,W2,PA,Apple Panel,,APPLE ACC,,,2,10,20,,,,,
IMAGINE- NEXUS KORAMANGALA BENGALURU,IMAGINE @ NEXUS MALL,BANGALORE,PRIYA,W3,PT,TPA Panel,,ULTRAHUMAN RINGS /IMOO WATCHES,,,3,4,12,,24,2,48,
IMAGINE- NEXUS KORAMANGALA BENGALURU,IMAGINE @ NEXUS MALL,BANGALORE,PRIYA,W4,PM,APPLE/TPA,,IPAD CASES,,,,,,,15,2,30,
IMAGINE- NEXUS KORAMANGALA BENGALURU,IMAGINE @ NEXUS MALL,BANGALORE,PRIYA,W4,PM,APPLE/TPA,,IPAD CASES,,,,,,,15,3,45,
IMAGINE- NEXUS KORAMANGALA BENGALURU,IMAGINE @ NEXUS MALL,BANGALORE,PRIYA,W5,PA,Apple Panel,,APPLE ACC,,,2,8,16,,,,,
IMAGINE- NEXUS KORAMANGALA BENGALURU,IMAGINE @ NEXUS MALL,BANGALORE,PRIYA,W6,PM,APPLE/TPA,,IPAD CASES,,,,,,,15,2,30,
IMAGINE- NEXUS KORAMANGALA BENGALURU,IMAGINE @ NEXUS MALL,BANGALORE,PRIYA,W6,PM,APPLE/TPA,,IPAD CASES,,,,,,,15,3,45,
IMAGINE- NEXUS KORAMANGALA BENGALURU,IMAGINE @ NEXUS MALL,BANGALORE,PRIYA,W7,PT,TPA Panel,,BAGS AND SLEEVES,,,4,6,24,,3,2,6,
IMAGINE- NEXUS KORAMANGALA BENGALURU,IMAGINE @ NEXUS MALL,BANGALORE,PRIYA,W8,PT,TPA Panel,,ADAPTERS/POWERBANK/CAR CHARGER/ESSENTIAL KITS,,,,,,,54,4,216,
IMAGINE- NEXUS KORAMANGALA BENGALURU,IMAGINE @ NEXUS MALL,BANGALORE,PRIYA,W9,PA,Apple Panel,,APPLE ACC,,,2,10,20,,,,,
IMAGINE- NEXUS KORAMANGALA BENGALURU,IMAGINE @ NEXUS MALL,BANGALORE,PRIYA,W10,PM,APPLE/TPA,,HEADPHONES,,,6,4,24,,,,,
IMAGINE- NEXUS KORAMANGALA BENGALURU,IMAGINE @ NEXUS MALL,BANGALORE,PRIYA,W11,PT,TPA Panel,,SPEAKERS,,,6,4,24,,,,,
IMAGINE- NEXUS KORAMANGALA BENGALURU,IMAGINE @ NEXUS MALL,BANGALORE,PRIYA,W12,PA,Apple Panel,,APPLE ACC/ESSENTIALS,,,,,,,90,5,450,
IMAGINE- NEXUS KORAMANGALA BENGALURU,IMAGINE @ NEXUS MALL,BANGALORE,PRIYA,W13,PM,APPLE/TPA,Tekne+,IPHONE CASES,Phone case,,,,,,80,3,240,
IMAGINE- NEXUS KORAMANGALA BENGALURU,IMAGINE @ NEXUS MALL,BANGALORE,PRIYA,W13,PM,APPLE/TPA,Tekne+,IPHONE CASES,Phone case,,,,,,80,5,400,
IMAGINE- NEXUS KORAMANGALA BENGALURU,IMAGINE @ NEXUS MALL,BANGALORE,PRIYA,W14,PM,APPLE/TPA,Tekne+,IPHONE CASES,Phone case,,,,,,80,3,240,
IMAGINE- NEXUS KORAMANGALA BENGALURU,IMAGINE @ NEXUS MALL,BANGALORE,PRIYA,W14,PM,APPLE/TPA,Tekne+,IPHONE CASES,Phone case,,,,,,80,5,400,
IMAGINE- SHRI BALAJI ARCADE BELAGAVI,IMAGINE @BALAJI ARCADE,BELAGAVI,Priya,W1,PM1,Apple / TPA,,iPad Cases,,,,,,,16,2,32,
IMAGINE- SHRI BALAJI ARCADE BELAGAVI,IMAGINE @BALAJI ARCADE,BELAGAVI,Priya,W1,PM1,Apple / TPA,,iPad Cases,,,,,,,16,2,32,
IMAGINE- SHRI BALAJI ARCADE BELAGAVI,IMAGINE @BALAJI ARCADE,BELAGAVI,Priya,W2,PT1,TPA,,Mac Sleev / iPad Cases,,,,,,,9,2,18,
IMAGINE- SHRI BALAJI ARCADE BELAGAVI,IMAGINE @BALAJI ARCADE,BELAGAVI,Priya,W2,PT2,TPA,,Sleeves / iPad Cases,,,,,,,9,2,18,
IMAGINE- SHRI BALAJI ARCADE BELAGAVI,IMAGINE @BALAJI ARCADE,BELAGAVI,Priya,W3,PM1,Apple / TPA,,Apple Accy / TPA adapter,,,,,,,44,3,132,
IMAGINE- SHRI BALAJI ARCADE BELAGAVI,IMAGINE @BALAJI ARCADE,BELAGAVI,Priya,W3,PM1,Apple / TPA,,Apple Accy / TPA adapter,,,,,,,44,3,132,
IMAGINE- SHRI BALAJI ARCADE BELAGAVI,IMAGINE @BALAJI ARCADE,BELAGAVI,Priya,W4,PA1,Apple,,Airpods / Apple Accy / iPhones,,,4,6,24,,,,,
IMAGINE- SHRI BALAJI ARCADE BELAGAVI,IMAGINE @BALAJI ARCADE,BELAGAVI,Priya,W4,PM1,Apple / TPA,Tekne+,iPhone Cases / Temred Glass,Phone case,,,,,,30,5,150,
IMAGINE- SHRI BALAJI ARCADE BELAGAVI,IMAGINE @BALAJI ARCADE,BELAGAVI,Priya,W5,PM1,Apple / TPA,Tekne+,iPhone Cases (Apple/TPA),Phone case,,,,,,30,5,150,
IMAGINE- SHRI BALAJI ARCADE BELAGAVI,IMAGINE @BALAJI ARCADE,BELAGAVI,Priya,W5,PA1,Apple,,Watch Band / Apple TV,,,1,3,3,,8,3,24,
IMAGINE- ORION MALL BRIGADE GATEWAY BENGALURU,IMAGINE @ ORION MALL,Bengaluru,Srijith,W1,PT,"Native Union,riva case",,Sleevs,,,6,10,60,,,,,
IMAGINE- ORION MALL BRIGADE GATEWAY BENGALURU,IMAGINE @ ORION MALL,Bengaluru,Srijith,W2,PT,"Teke, belkim",,"Gadget organiser,essential Kit,privacy Filter, Surge Protrctor",,,2,10,20,,12,5,60,
IMAGINE- ORION MALL BRIGADE GATEWAY BENGALURU,IMAGINE @ ORION MALL,Bengaluru,Srijith,W3,PA.,Apple,,Apple TV,,,3,4,12,,,,,
IMAGINE- ORION MALL BRIGADE GATEWAY BENGALURU,IMAGINE @ ORION MALL,Bengaluru,Srijith,W4,PM,"Apple, Bose, B/W, Sonic Lamb",,Headphones,,,6,4,24,,,,,
IMAGINE- ORION MALL BRIGADE GATEWAY BENGALURU,IMAGINE @ ORION MALL,Bengaluru,Srijith,W5,PT,"Tekne, Panzer, IMOO, Logitech, Microsoft",Tekne+,"Wirelesscharger, Powerbank, Cable, Spray, Watch, Keybaord,",,,3,9,30,,20,5,100,
IMAGINE- ORION MALL BRIGADE GATEWAY BENGALURU,IMAGINE @ ORION MALL,Bengaluru,Srijith,W6,PT,"Alogic,Fuelbox,Sandisc,Gripp, Logitech,Native Union,",,"Converters, Cables, Car Mount, Adapter, Keyborad",,,5,13,40,,12,5,60,
IMAGINE- ORION MALL BRIGADE GATEWAY BENGALURU,IMAGINE @ ORION MALL,Bengaluru,Srijith,W7,PA,Apple,,"Apple Keyboard, Pencil, Adapter",,,6,5,100,,,,,
IMAGINE- ORION MALL BRIGADE GATEWAY BENGALURU,IMAGINE @ ORION MALL,Bengaluru,Srijith,W8,PA,Apple,,Homepod Mini,,,3,3,9,,,,,
IMAGINE- ORION MALL BRIGADE GATEWAY BENGALURU,IMAGINE @ ORION MALL,Bengaluru,Srijith,W9,PA,Apple,,"Adapter, cable, Airpods",,,3,36,108,,30,5,150,
IMAGINE- ORION MALL BRIGADE GATEWAY BENGALURU,IMAGINE @ ORION MALL,Bengaluru,Srijith,W10,PM,"Apple, Bose, B/W, Marshall",,"iphone, and earphones",,,7,30,210,,,,,
IMAGINE- ORION MALL BRIGADE GATEWAY BENGALURU,IMAGINE @ ORION MALL,Bengaluru,Srijith,W11,PM,"Apple Watch Bands, Native Union, Popsocket, Valenta, Gripp",,,,,,,,,27,5,135,
IMAGINE- ORION MALL BRIGADE GATEWAY BENGALURU,IMAGINE @ ORION MALL,Bengaluru,Srijith,W12,PM,"Apple, Tekne",Tekne+,Cases,Phone case,,,,,,48,6,288,
IMAGINE- ORION MALL BRIGADE GATEWAY BENGALURU,IMAGINE @ ORION MALL,Bengaluru,Srijith,W13,PT,"Teken, Gripp,PD,",Tekne+,Cases,Phone case,,,,,,48,6,288,
IMAGINE- ORION MALL BRIGADE GATEWAY BENGALURU,IMAGINE @ ORION MALL,Bengaluru,Srijith,W14,PM,"Apple, Gripp, Tekne",Tekne+,cases,Phone case,,,,,,23,5,115,
IMAGINE- ORION MALL BRIGADE GATEWAY BENGALURU,IMAGINE @ ORION MALL,Bengaluru,Srijith,W15,PT,Tekne.,Tekne,cases,Phone case,,,,,,18,6,108,
IMAGINE- ORION MALL BRIGADE GATEWAY BENGALURU,IMAGINE @ ORION MALL,Bengaluru,Srijith,W16,PT,Tekne.,Tekne,cases,Phone case,,,,,,18,6,108,
IMAGINE- ORION MALL BRIGADE GATEWAY BENGALURU,IMAGINE @ ORION MALL,Bengaluru,Srijith,W17,PT,"B/W, JBL",,Speakers,,,2,2,3,,,,,
IMAGINE- ORION MALL BRIGADE GATEWAY BENGALURU,IMAGINE @ ORION MALL,Bengaluru,Srijith,W18,PT,"Bose, Marshall",,Speakers,,,2,2,4,,,,,
IMAGINE- ORION MALL BRIGADE GATEWAY BENGALURU,IMAGINE @ ORION MALL,Bengaluru,Srijith,W19,PT,"Bose, Marshall",,Speakers,,,2,2,4,,,,,
IMAGINE- ORION MALL BRIGADE GATEWAY BENGALURU,IMAGINE @ ORION MALL,Bengaluru,Srijith,W20,PT,"Bose, Marshall",,Speakers,,,2,2,4,,,,,
IMAGINE- ORION MALL BRIGADE GATEWAY BENGALURU,IMAGINE @ ORION MALL,Bengaluru,Srijith,W21,PT,Tekne,Tekne,Wireless Charger,,,3,5,15,,,,,
IMAGINE- ORION MALL BRIGADE GATEWAY BENGALURU,IMAGINE @ ORION MALL,Bengaluru,Srijith,W22,PT,Ultrahuman Ring,,Ring,,,3,5,15,,,,,
IMAGINE- ORION MALL BRIGADE GATEWAY BENGALURU,IMAGINE @ ORION MALL,Bengaluru,Srijith,W23,PT,Jignmark,,Sleeve,,,2,10,20,,,,,
IMAGINE- ORION MALL BRIGADE GATEWAY BENGALURU,IMAGINE @ ORION MALL,Bengaluru,Srijith,W24,PT,"Marshall, B/W",,Speakers,,,2,2,2,,,,,
IMAGINE- ORION MALL BRIGADE GATEWAY BENGALURU,IMAGINE @ ORION MALL,Bengaluru,Srijith,W25,PT,EATON,,UPS,,,2,1,2,,,,,
IMAGINE- ORION MALL BRIGADE GATEWAY BENGALURU,IMAGINE @ ORION MALL,Bengaluru,Srijith,W26,PT,Bose.,,Speakers,,,2,3,6,,,,,
IMAGINE- KORAMANGALA BENGALURU,IMAGINE @ KORAMANGALA,BANGALORE,Srijith,W16,PM,"Apple,Gripp,Tucano,Velanta,Panzer",,"Apple Watch Bands,Pulse Watch Bands,Gripp Airpods cases, velanta Card holder,camera lens",,,,,,,36,10,360,
IMAGINE- KORAMANGALA BENGALURU,IMAGINE @ KORAMANGALA,BANGALORE,Srijith,W8,W,Panzer,,iPhone TG all models and Camera lens protector,,,,,,,36,10,360,
IMAGINE- KORAMANGALA BENGALURU,IMAGINE @ KORAMANGALA,BANGALORE,Srijith,W9,W,Tekne,Tekne,iPhone Cases,Phone case,,,,,,36,11,396,
IMAGINE- KORAMANGALA BENGALURU,IMAGINE @ KORAMANGALA,BANGALORE,Srijith,W9,PM,"Tekne,dbramante",Tekne+,iPhone Cases,Phone case,,,,,,36,11,396,
IMAGINE- KORAMANGALA BENGALURU,IMAGINE @ KORAMANGALA,BANGALORE,Srijith,W9,Apple Panel,Apple,,iPhone Cases,Phone case,,,,,,18,10,180,
IMAGINE- KORAMANGALA BENGALURU,IMAGINE @ KORAMANGALA,BANGALORE,Srijith,W17,PM,"Tucano ,Tekne",Tekne+,iPad TG and Tekne iPad Cases,,,,,,,20,5,100,
IMAGINE- KORAMANGALA BENGALURU,IMAGINE @ KORAMANGALA,BANGALORE,Srijith,,PM,Apple,,iPad and keyboard,,,6,6,36,,,,0,
IMAGINE- KORAMANGALA BENGALURU,IMAGINE @ KORAMANGALA,BANGALORE,Srijith,,PM,Apple,,"iPhones, Airpods, Watch",,,7,6,42,,,,0,
IMAGINE- KORAMANGALA BENGALURU,IMAGINE @ KORAMANGALA,BANGALORE,Srijith,,Apple Panel,Apple,,HomePod,,,3,3,9,,,,0,
IMAGINE- KORAMANGALA BENGALURU,IMAGINE @ KORAMANGALA,BANGALORE,Srijith,W10,Apple Panel,Apple,,"Apple Acc ,Apple Pencil,Keyaboard and Mouse",,,3,3,9,,24,6,144,
IMAGINE- KORAMANGALA BENGALURU,IMAGINE @ KORAMANGALA,BANGALORE,Srijith,,Apple Panel,Apple,,Apple TV and Apple Power Adapters,,,3,5,15,,,,0,
IMAGINE- KORAMANGALA BENGALURU,IMAGINE @ KORAMANGALA,BANGALORE,Srijith,,PT,Tekne,Tekne,"Tekne Mac Acc , Adapters and Sandisk SSD",,,3,7,21,,16,8,128,
IMAGINE- KORAMANGALA BENGALURU,IMAGINE @ KORAMANGALA,BANGALORE,Srijith,W1,PT,"Tekne,Belkin,Powerup",Tekne+,"Power adapters ,powerbanks,TSF, powerup car charger and belkin surge protector",,,3,7,21,,16,8,128,
IMAGINE- KORAMANGALA BENGALURU,IMAGINE @ KORAMANGALA,BANGALORE,Srijith,W2,PT,"Native union,Gripp ,Belkin",,"Cables ,car charger, powerbank",,,6,5,30,,,,0,
IMAGINE- KORAMANGALA BENGALURU,IMAGINE @ KORAMANGALA,BANGALORE,Srijith,W11,PT,"Tekne,Tucano,Gripp",Tekne+,"Tekne organiser, Macbook sleeve",,,5,5,25,,,,0,
IMAGINE- KORAMANGALA BENGALURU,IMAGINE @ KORAMANGALA,BANGALORE,Srijith,W10,PT,Tekne,Tekne,Essential Kit,,,,,,,8,7,56,
IMAGINE- KORAMANGALA BENGALURU,IMAGINE @ KORAMANGALA,BANGALORE,Srijith,W11,PT,"Native unio,tucano",,Macbook sleeve and bags,,,,,,,8,3,24,
IMAGINE- KORAMANGALA BENGALURU,IMAGINE @ KORAMANGALA,BANGALORE,Srijith,W12,PT,"Native unio,tucano",,Bagpacks,,,,,,,6,2,12,
IMAGINE- RMZ ECOWORLD BENGALURU,"IMAGINE @ RMZ, BANGALORE",Bangalore,Priya,W1,Mixed Panel,Apple/Ultrahuman,,Apple TV/ Ultrahuman Rings,,,2,6,12,,-,-,-,
IMAGINE- RMZ ECOWORLD BENGALURU,"IMAGINE @ RMZ, BANGALORE",Bangalore,Priya,W2,Apple Panel,Apple,,Airpods/Keyboards/Pencil/Adapters,,,3,13,39,,-,-,-,
IMAGINE- RMZ ECOWORLD BENGALURU,"IMAGINE @ RMZ, BANGALORE",Bangalore,Priya,W3,Mixed Panel,Apple/Tekkne/Gripp/Powerup,,Apple Watch Straps/Tekkne Hubs/Grip Airpods Cases/Car Mounts,,,-,-,-,,28,5,140,
IMAGINE- RMZ ECOWORLD BENGALURU,"IMAGINE @ RMZ, BANGALORE",Bangalore,Priya,W4,TPA Panel,Tekkne/Pulse/Tucano/Belkin,,Tekkne Essential Kit/Privacy filters/Belkin Surge Protector/ Sleeves,,,1,2,2,,6,5,30,
IMAGINE- RMZ ECOWORLD BENGALURU,"IMAGINE @ RMZ, BANGALORE",Bangalore,Priya,W5,TPA Panel,Belkin/Pulse/Panzerglass/Gripp,,Wireless chargers and TG,,,2,25,50,,16,6,96,
IMAGINE- RMZ ECOWORLD BENGALURU,"IMAGINE @ RMZ, BANGALORE",Bangalore,Priya,W6,Mixed Panel,Apple/Tekkne,,Apple and TPA iPad Cases,,,-,-,-,,12,4,48,
IMAGINE- RMZ ECOWORLD BENGALURU,"IMAGINE @ RMZ, BANGALORE",Bangalore,Priya,W7,Mixed Panel,Apple/Tekkne,,Apple iPhone Cases/ Tekkne Cases/ Cables,,,-,-,-,,35,5,175,
IMAGINE- RMZ ECOWORLD BENGALURU,"IMAGINE @ RMZ, BANGALORE",Bangalore,Priya,W8,Mixed Panel,Apple/Tekkne/Pulse,Tekne+,Adapters/Cables/Wallets/Earpods/Tekkne Cables/ Pulse Cases,Phone case,,-,-,-,,35,5,175,
IMAGINE- MANTRI SQUARE MALL BENGALURU,IMAGINE @ MANTRI SQUARE,BANGALORE,PRIYA,W1,PA,APPLE,,PHONES,,,7,8,8,-,-,-,-,
IMAGINE- MANTRI SQUARE MALL BENGALURU,IMAGINE @ MANTRI SQUARE,BANGALORE,PRIYA,W2,PT,GRIPP,,TG,,,-,-,-,,20,4,80,
IMAGINE- MANTRI SQUARE MALL BENGALURU,IMAGINE @ MANTRI SQUARE,BANGALORE,PRIYA,W3,PM,TEKNE/APPLE,Tekne+,BACK CASE,Phone case,,-,-,-,,20,5,100,
IMAGINE- MANTRI SQUARE MALL BENGALURU,IMAGINE @ MANTRI SQUARE,BANGALORE,PRIYA,W4,PA,APPLE,,AIRPODS/MAC ACCY,,,2,4,8,,-,-,-,
IMAGINE- MANTRI SQUARE MALL BENGALURU,IMAGINE @ MANTRI SQUARE,BANGALORE,PRIYA,W5,PM,APPLE/POWER UP,,BANDS,,,-,-,-,,36,2,72,
IMAGINE- MANTRI SQUARE MALL BENGALURU,IMAGINE @ MANTRI SQUARE,BANGALORE,PRIYA,W6,PT,PANZER/PULSE,Tekne+,ADAPTOR/BACK CASE,Phone case,,,-,-,,7,7,49,
IMAGINE- MANTRI SQUARE MALL BENGALURU,IMAGINE @ MANTRI SQUARE,BANGALORE,PRIYA,W7,PT,TUCANO,,BAGS,,,4,2,8,,-,-,-,
IMAGINE- MANTRI SQUARE MALL BENGALURU,IMAGINE @ MANTRI SQUARE,BANGALORE,PRIYA,W8,PT,VALENTA/POPSOCKETS/GRIPP,,LENS PROTECTOR/STANDS,,,-,-,-,,36,4,144,
IMAGINE- MANTRI SQUARE MALL BENGALURU,IMAGINE @ MANTRI SQUARE,BANGALORE,PRIYA,W9,PM,APPLE/PANZER,Tekne+,BACK CASE,Phone case,,-,-,-,,36,4,144,
IMAGINE- MANTRI SQUARE MALL BENGALURU,IMAGINE @ MANTRI SQUARE,BANGALORE,PRIYA,W10,PT,TEKNE/PULSE,Tekne,BACK CASE ADAPTOR,,,,-,-,-,36,5,180,
IMAGINE- MANTRI SQUARE MALL BENGALURU,IMAGINE @ MANTRI SQUARE,BANGALORE,PRIYA,W12,PT,TEKNE/PULSE/PANZER,Tekne,BACK CASE/LENS PROTECTOR,Phone case,,,,,,36,4,144,
IMAGINE- MANTRI SQUARE MALL BENGALURU,IMAGINE @ MANTRI SQUARE,BANGALORE,PRIYA,W13,PT,TEKNE/PULSE/PANZER,Tekne,CABLES/LENS PROTECTOR,,,,,,,36,3,108,
IMAGINE- MANTRI SQUARE MALL BENGALURU,IMAGINE @ MANTRI SQUARE,BANGALORE,PRIYA,W14,PA,APPLE,,APPLE TV/MAC ACCY,,,,,,,36,4,144,
IMAGINE- MANTRI SQUARE MALL BENGALURU,IMAGINE @ MANTRI SQUARE,BANGALORE,PRIYA,W15,PA,APPLE,,CABLES/ADAPTORS/PENCIL,,,4,4,16,,,,,
IMAGINE- GOPALAN SIGNATURE MALL BENGALURU,IMAGINE @ GOPALAN SIGNATURE MALL,Bangalore,Chandana,WALL 1,APPLE,APPLE,,APPLE ACC,,,5,3,15,,21,8,168,
IMAGINE- GOPALAN SIGNATURE MALL BENGALURU,IMAGINE @ GOPALAN SIGNATURE MALL,Bangalore,Chandana,WALL 2,TPA,BELKINS,,SURGE PROTECTOR,,,,,,,3,3,9,
IMAGINE- GOPALAN SIGNATURE MALL BENGALURU,IMAGINE @ GOPALAN SIGNATURE MALL,Bangalore,Chandana,WALL 3,APPLE+TPA,APPLE WATCH STRAP/PULSE WATCH STRAP/PANZER WATCH CASES,,,,,,,,,24,4,96,
IMAGINE- GOPALAN SIGNATURE MALL BENGALURU,IMAGINE @ GOPALAN SIGNATURE MALL,Bangalore,Chandana,WALL 4,TPA,GRIPP/TUCANO,,MAC SLEEVES,,,4,2,8,,,,,
IMAGINE- GOPALAN SIGNATURE MALL BENGALURU,IMAGINE @ GOPALAN SIGNATURE MALL,Bangalore,Chandana,WALL 5,TPA,GRIPP/TUCANO,,MAC SLEEVES,,,4,2,10,,,,,
IMAGINE- GOPALAN SIGNATURE MALL BENGALURU,IMAGINE @ GOPALAN SIGNATURE MALL,Bangalore,Chandana,WALL 6,TPA,MAC ACC/MAC HARD CELLS,,,,,6,3,18,,,,,
IMAGINE- GOPALAN SIGNATURE MALL BENGALURU,IMAGINE @ GOPALAN SIGNATURE MALL,Bangalore,Chandana,WALL 7,APPLE+TPA,IPAD CASES,,APPLE IPAD CASES/TEKNE IPAD CASES,,,,,,,20,2,40,
IMAGINE- GOPALAN SIGNATURE MALL BENGALURU,IMAGINE @ GOPALAN SIGNATURE MALL,Bangalore,Chandana,WALL 8,TPA,TUCANO/GRIPP,,IPAD CASES/IPAD TG,,,,,,,20,4,80,
IMAGINE- GOPALAN SIGNATURE MALL BENGALURU,IMAGINE @ GOPALAN SIGNATURE MALL,Bangalore,Chandana,WALL 9,TPA,TEKNE/PANZER,Tekne,IPHONE CASES/PANZER TG,Phone case,,,,,,36,8,288,
IMAGINE- GOPALAN SIGNATURE MALL BENGALURU,IMAGINE @ GOPALAN SIGNATURE MALL,Bangalore,Chandana,WALL 10,TPA,TEKNE/PANZER,Tekne,IPHONE CASES/CABLES/ADAPTORS/CAR MOUNT,,,,,,,36,6,216,
IMAGINE- GOPALAN SIGNATURE MALL BENGALURU,IMAGINE @ GOPALAN SIGNATURE MALL,Bangalore,Chandana,WALL 11,TPA,TEKNE/PANZER/POWER UP,Tekne+,POWERBANK/15 CASES/4-1 CABLE,Phone case,,,,,,36,8,288,
IMAGINE- GOPALAN SIGNATURE MALL BENGALURU,IMAGINE @ GOPALAN SIGNATURE MALL,Bangalore,Chandana,WALL 12,APPLE+TPA,APPLE IPHONE CASES/,,,,,,,,,6,5,30,
IMAGINE- GOPALAN SIGNATURE MALL BENGALURU,IMAGINE @ GOPALAN SIGNATURE MALL,Bangalore,Chandana,WALL 12,APPLE+TPA,APPLE/TEKNE/GRIPP,Tekne,AIRPODS/GADGET ORGANIZER/AIRPOD CASES,,,18,3,54,,,,,
IMAGINE- GOPALAN SIGNATURE MALL BENGALURU,IMAGINE @ GOPALAN SIGNATURE MALL,Bangalore,Chandana,WALL 13,TPA,MARSHALL/BEATS/TEKNE,Tekne+,MARSHALL HEADPHONE/BEATS EARBUDS,,,2,3,6,,,,,
IMAGINE- GOPALAN SIGNATURE MALL BENGALURU,IMAGINE @ GOPALAN SIGNATURE MALL,Bangalore,Chandana,Gondola 1,TPA,TEKNE,Tekne,ESSENTIAL KIT,,,4,5,20,,,,,
IMAGINE- GOPALAN SIGNATURE MALL BENGALURU,IMAGINE @ GOPALAN SIGNATURE MALL,Bangalore,Chandana,Gondola 2,TPA,TUCANO,,MAC SLEEVES,,,4,5,20,,,,,
IMAGINE- GOPALAN SIGNATURE MALL BENGALURU,IMAGINE @ GOPALAN SIGNATURE MALL,Bangalore,Chandana,Gondola 3,TPA,TEKNE/PANZER/GRIPP,Tekne+,ADAPTORS/CABLES/LENS PROTECTOR,,,,,,,20,10,200,
IMAGINE- ORION AVENUE MALL BENGALURU,IMAGINE @ ORION EAST MALL,Bangalore,Priya,W1,Mixed Panel,Apple/Pulse,,Apple TV/Carmounts,,,1,6,6,,6,5,30,
IMAGINE- ORION AVENUE MALL BENGALURU,IMAGINE @ ORION EAST MALL,Bangalore,Priya,W2,Apple Panel,Apple,,Keyboard/Airpods/Pencil/iPhones/Iphone cases,Phone case,,3,6,18,,10,4,40,
IMAGINE- ORION AVENUE MALL BENGALURU,IMAGINE @ ORION EAST MALL,Bangalore,Priya,W3,Mixed Panel,Apple/Pulse/Gripp,,Adapters/Earpods/Cables/Powerbanks/TG,,,-,-,-,,36,6,216,
IMAGINE- ORION AVENUE MALL BENGALURU,IMAGINE @ ORION EAST MALL,Bangalore,Priya,W4,Mixed Panel,Apple/Panzer/Gripp,Tekne+,iPhone Cases/Panzer cases/Gripp Cases,Phone case,,-,-,-,,24,6,144,
IMAGINE- ORION AVENUE MALL BENGALURU,IMAGINE @ ORION EAST MALL,Bangalore,Priya,W5,Mixed Panel,Apple/Tekkne/Panzer,Tekne+,Adapters/Tekkne Cases/PanzerTG/Camera Lens,Phone case,,-,-,-,,36,6,216,
IMAGINE- ORION AVENUE MALL BENGALURU,IMAGINE @ ORION EAST MALL,Bangalore,Priya,W6,Mixed Panel,Apple/Tekkne/Belkin/Pulse,,Ipad Cases Apple and Tekkne/ Belkin Surge Protecteors/Privacy Filters,,,-,-,-,,16,3,48,
IMAGINE- GARUDA MALL BENGALURU,IMAGINE @ GARUDA MALL,Bangalore,Chandana,1,P1,Pluse,,Magleap Duo 3 in 1 Wireless Charger Stand,,,,,,,4,2,8,
IMAGINE- GARUDA MALL BENGALURU,IMAGINE @ GARUDA MALL,Bangalore,Chandana,2,,Apple,,Airpods,,,S1,5,10,,,,,
IMAGINE- GARUDA MALL BENGALURU,IMAGINE @ GARUDA MALL,Bangalore,Chandana,,,,,"Magic Keyboard, Magic Mouse, Pencils",,,S2,5,10,,,,,
IMAGINE- GARUDA MALL BENGALURU,IMAGINE @ GARUDA MALL,Bangalore,Chandana,3,P1,Apple,,Apple Accessories,,,,,,,6,4,24,
IMAGINE- GARUDA MALL BENGALURU,IMAGINE @ GARUDA MALL,Bangalore,Chandana,,P2,Apple,,Apple Accessories,,,,,,,6,4,24,
IMAGINE- GARUDA MALL BENGALURU,IMAGINE @ GARUDA MALL,Bangalore,Chandana,,P3,Apple,,Apple Accessories,,,,,,,6,4,24,
IMAGINE- GARUDA MALL BENGALURU,IMAGINE @ GARUDA MALL,Bangalore,Chandana,,P4,TPA,,"Tekne Power Adapator 40W, Fast charging Cables,",,,,,,,6,5,30,
IMAGINE- GARUDA MALL BENGALURU,IMAGINE @ GARUDA MALL,Bangalore,Chandana,,P5,TPA,,Tekne iPhone 16 series TG,,,,,,,6,10,60,
IMAGINE- GARUDA MALL BENGALURU,IMAGINE @ GARUDA MALL,Bangalore,Chandana,,P6,TPA,Tekne+,Gripp 16 Series Back Cases,Phone case,,,,,,6,8,48,
IMAGINE- GARUDA MALL BENGALURU,IMAGINE @ GARUDA MALL,Bangalore,Chandana,4,P1,Apple,,Apple Accessories Back case,,,,,,,6,8,48,
IMAGINE- GARUDA MALL BENGALURU,IMAGINE @ GARUDA MALL,Bangalore,Chandana,,P2,Apple,,Apple Accessories Back case,,,,,,,6,8,48,
IMAGINE- GARUDA MALL BENGALURU,IMAGINE @ GARUDA MALL,Bangalore,Chandana,,P3,TPA,Tekne+,Tekne iPhone 16 series back Case,Phone case,,,,,,6,8,48,
IMAGINE- GARUDA MALL BENGALURU,IMAGINE @ GARUDA MALL,Bangalore,Chandana,,P4,TPA,Tekne+,Tekne iPhone 16 series back Case,Phone case,,,,,,6,8,48,
IMAGINE- GARUDA MALL BENGALURU,IMAGINE @ GARUDA MALL,Bangalore,Chandana,,P5,TPA,Tekne+,Tekne iPhone 16 series back Case,Phone case,,,,,,6,8,48,
IMAGINE- GARUDA MALL BENGALURU,IMAGINE @ GARUDA MALL,Bangalore,Chandana,5,P1,TPA,,Tucano Macbook Sleeve,,,,,,,3,3,9,
IMAGINE- GARUDA MALL BENGALURU,IMAGINE @ GARUDA MALL,Bangalore,Chandana,,P2,TPA,,Tucano Macbook Sleeve,,,,,,,3,3,9,
IMAGINE- GARUDA MALL BENGALURU,IMAGINE @ GARUDA MALL,Bangalore,Chandana,,P3,TPA,,"Macbook Sleeve, Privicy Filters",,,,,,,3,5,15,
IMAGINE- GARUDA MALL BENGALURU,IMAGINE @ GARUDA MALL,Bangalore,Chandana,6,P1,Apple,,"Apple Accessories, Watch Straps",,,,,,,6,6,36,
IMAGINE- GARUDA MALL BENGALURU,IMAGINE @ GARUDA MALL,Bangalore,Chandana,,P2,TPA,,Gripp Watch Straps,,,,,,,6,6,36,
IMAGINE- GARUDA MALL BENGALURU,IMAGINE @ GARUDA MALL,Bangalore,Chandana,,P3,TPA,,"Gripp Cables, Car Mount Chargers",,,,,,,6,4,24,
IMAGINE- GARUDA MALL BENGALURU,IMAGINE @ GARUDA MALL,Bangalore,Chandana,,P4,TPA,,Gripp Car Mount Charges,,,,,,,6,4,24,
IMAGINE- GARUDA MALL BENGALURU,IMAGINE @ GARUDA MALL,Bangalore,Chandana,7,P1,Apple,,Apple iPad Back Case,,,,,,,4,4,16,
IMAGINE- GARUDA MALL BENGALURU,IMAGINE @ GARUDA MALL,Bangalore,Chandana,,P2,TPA,,Tekne iPad Back Case,,,,,,,4,4,16,
IMAGINE- GARUDA MALL BENGALURU,IMAGINE @ GARUDA MALL,Bangalore,Chandana,,P3,TPA,,Gripp iPad Back Case,,,,,,,4,4,16,
IMAGINE- GARUDA MALL BENGALURU,IMAGINE @ GARUDA MALL,Bangalore,Chandana,,P4,TPA,,Pulse Wall Charger,,,,,,,4,2,8,
IMAGINE- GARUDA MALL BENGALURU,IMAGINE @ GARUDA MALL,Bangalore,Chandana,8,P1,APPLE,,Apple Accessories Earphones and Airtags,,,,,,,7,4,28,
IMAGINE- GARUDA MALL BENGALURU,IMAGINE @ GARUDA MALL,Bangalore,Chandana,,P2,APPLE,,Apple Accessories Earphones and Pencil Tip,,,,,,,7,4,28,
IMAGINE- GARUDA MALL BENGALURU,IMAGINE @ GARUDA MALL,Bangalore,Chandana,,P3,TPA,,"40 Dual Adaptaors, Wireless Chargers",,,,,,,7,3,21,
IMAGINE- GARUDA MALL BENGALURU,IMAGINE @ GARUDA MALL,Bangalore,Chandana,,P4,TPA,,"40 Dual Adaptaors, Wireless Chargers",,,,,,,7,3,21,
IMAGINE- GARUDA MALL BENGALURU,IMAGINE @ GARUDA MALL,Bangalore,Chandana,,P5,TPA,,Camera lense Protectors,,,,,,,7,7,49,
IMAGINE- GLOBAL MALL BENGALURU,IMAGINE @ LULU GLOBAL MALL,Bangalore,Chandana,W1,Mixed Panel,Apple/Pulse,,Apple TV/Carmounts,,,1,6,6,,6,3,18,
IMAGINE- GLOBAL MALL BENGALURU,IMAGINE @ LULU GLOBAL MALL,Bangalore,Chandana,W2,Apple Glass Counter,Apple,,Airpods/Pencil/iPhones,,,3,6,10,,6,1,6,
IMAGINE- GLOBAL MALL BENGALURU,IMAGINE @ LULU GLOBAL MALL,Bangalore,Chandana,W3,Mixed Panel,Apple/Pulse/ Tekne,Tekne+,Adapters/Earpods/Cables/Powerbanks/TG,,,-,-,-,,36,5,180,
IMAGINE- GLOBAL MALL BENGALURU,IMAGINE @ LULU GLOBAL MALL,Bangalore,Chandana,W4,Mixed Panel,"Tucano, Tekne",Tekne+,"Bags, Sleeves, Mac essential Kit",,,-,-,-,,8,3,24,
IMAGINE- GLOBAL MALL BENGALURU,IMAGINE @ LULU GLOBAL MALL,Bangalore,Chandana,W5,Mixed Panel,Tekne/Pulse,Tekne,Tekne Cases,Phone case,,-,-,-,,36,3,108,
IMAGINE- GLOBAL MALL BENGALURU,IMAGINE @ LULU GLOBAL MALL,Bangalore,Chandana,W6,Mixed Panel,Apple/Panzer,Tekne+,iPhone cases and iPhone TG,Phone case,,-,-,-,,36,3,108,
IMAGINE- BHARATIYA CITY BENGALURU,Bharatiya City (IBB),Bengaluru,Srijith,W1,PA,Apple,,HOMEPOD,,,3,2,6,,,,,
IMAGINE- BHARATIYA CITY BENGALURU,Bharatiya City (IBB),Bengaluru,Srijith,W2,PA,Apple,,Apple Accessories,,,4,5,20,,,,,
IMAGINE- BHARATIYA CITY BENGALURU,Bharatiya City (IBB),Bengaluru,Srijith,W2,PA,Apple,,Apple Accessories,,,,,,,24,8,192,
IMAGINE- BHARATIYA CITY BENGALURU,Bharatiya City (IBB),Bengaluru,Srijith,W3,PM,Apple,,Watch Band,,,,,,,15,8,120,
IMAGINE- BHARATIYA CITY BENGALURU,Bharatiya City (IBB),Bengaluru,Srijith,W3,PM,TPA,,Watch Glass/Watch band,,,,,,,24,8,192,
IMAGINE- BHARATIYA CITY BENGALURU,Bharatiya City (IBB),Bengaluru,Srijith,W4,PA,Apple,,IPhones,,,3,6,18,,,,,
IMAGINE- BHARATIYA CITY BENGALURU,Bharatiya City (IBB),Bengaluru,Srijith,W4,PA,Apple,,Airpods/Pencil,,,4,4,16,,,,,
IMAGINE- BHARATIYA CITY BENGALURU,Bharatiya City (IBB),Bengaluru,Srijith,W5,PM,Apple,,Ipad cases,,,,,,,12,4,48,
IMAGINE- BHARATIYA CITY BENGALURU,Bharatiya City (IBB),Bengaluru,Srijith,W5,PM,TPA,,Ipad cases,,,,,,,12,4,48,
IMAGINE- BHARATIYA CITY BENGALURU,Bharatiya City (IBB),Bengaluru,Srijith,W6,PT,TPA,,Sleeves/Laptop bags/Ipad cases,,,6,4,24,,,,,
IMAGINE- BHARATIYA CITY BENGALURU,Bharatiya City (IBB),Bengaluru,Srijith,W7,PT,TPA,,Essentials (Power bank/Wall charger/USB cable),,,,,,,24,6,144,
IMAGINE- BHARATIYA CITY BENGALURU,Bharatiya City (IBB),Bengaluru,Srijith,W7,PT,TPA,,Sleeves,,,3,4,12,,,,,
IMAGINE- BHARATIYA CITY BENGALURU,Bharatiya City (IBB),Bengaluru,Srijith,W8,PA,Apple,,Apple TV/Watch,,,4,4,16,,,,,
IMAGINE- BHARATIYA CITY BENGALURU,Bharatiya City (IBB),Bengaluru,Srijith,W9,PT,TPA,,Audio/Essential/Organiser,,,6,3,18,,,,,
IMAGINE- BHARATIYA CITY BENGALURU,Bharatiya City (IBB),Bengaluru,Srijith,W10,PM,Apple,,Silicon cases,Phone case,,,,,,24,2,48,
IMAGINE- BHARATIYA CITY BENGALURU,Bharatiya City (IBB),Bengaluru,Srijith,W10,PM,TPA,Tekne+,Silicon/Matt cases,Phone case,,,,,,24,2,48,
IMAGINE- BHARATIYA CITY BENGALURU,Bharatiya City (IBB),Bengaluru,Srijith,W11,PA,Apple,,Apple Accessories,,,,,,,8,2,16,
IMAGINE- BHARATIYA CITY BENGALURU,Bharatiya City (IBB),Bengaluru,Srijith,W11,PA,Beats,,Beats Solo Buds,,,1,2,2,,,,,
IMAGINE- BHARATIYA CITY BENGALURU,Bharatiya City (IBB),Bengaluru,Srijith,W11,PA,Apple,,Airpods,,,2,3,6,,,,,
IMAGINE- BHARATIYA CITY BENGALURU,Bharatiya City (IBB),Bengaluru,Srijith,W12,PM,Apple,,Silicon cases,Phone case,,,,,,24,2,48,
IMAGINE- BHARATIYA CITY BENGALURU,Bharatiya City (IBB),Bengaluru,Srijith,W12,PM,TPA,Tekne+,Silicon/Matt cases,Phone case,,,,,,24,2,48,
IMAGINE- NEXUS NEIGHBOURHOOD BENGALURU,IMAGINE @ WHITEFIELD,Bangalore,Chandana,1,p1,Apple acc / 3p accy,,apple Accy /Tekne/ grip,,,0,0,0,,6,6,108,
IMAGINE- NEXUS NEIGHBOURHOOD BENGALURU,IMAGINE @ WHITEFIELD,Bangalore,Chandana,1,p2,Apple acc / 3p accy,,apple ipad case /Tekne ipad case,,,0,0,0,,4,4,32,
IMAGINE- NEXUS NEIGHBOURHOOD BENGALURU,IMAGINE @ WHITEFIELD,Bangalore,Chandana,1,p3,Apple acc / 3p accy,,apple adapter / tekne accy / 3pwatch straps,,,,,,,7,7,55,
IMAGINE- NEXUS NEIGHBOURHOOD BENGALURU,IMAGINE @ WHITEFIELD,Bangalore,Chandana,2,p1,Apple acc / 3p accy,Tekne+,Apple case/ tekne case,Phone case,,0,0,0,,5,5,60,
IMAGINE- NEXUS NEIGHBOURHOOD BENGALURU,IMAGINE @ WHITEFIELD,Bangalore,Chandana,2,p2,3p accy only,,"3p accy , laptop sleevs",,,0,0,0,,3,3,18,
IMAGINE- NEXUS NEIGHBOURHOOD BENGALURU,IMAGINE @ WHITEFIELD,Bangalore,Chandana,2,p3,Apple acc / 3p accy,,"3p accy , laptop sleevs / apple starps",,,0,0,0,,3,3,21,
IMAGINE- NEXUS NEIGHBOURHOOD BENGALURU,IMAGINE @ WHITEFIELD,Bangalore,Chandana,2,,apple core prducts / accy,,apple core prducts / accy,,,1,1,,,4,4,24,
IMAGINE- ORION UPTOWN MALL BENGALURU,IMAGINE @ ORION UPTOWN MALL,banglore,chandana,1,p1,Apple acc / 3p accy,,apple Accy /Tekne/ alogic,,,0,0,0,,16,5,8,
IMAGINE- ORION UPTOWN MALL BENGALURU,IMAGINE @ ORION UPTOWN MALL,banglore,chandana,1,p1,3p accy,,grip watch straps,,,0,0,0,,3,3,8,
IMAGINE- ORION UPTOWN MALL BENGALURU,IMAGINE @ ORION UPTOWN MALL,banglore,chandana,1,p2,Apple accy / 3p accy,,apple tv/tekn mac acc / and bags,,,0,0,0,,3,2,4,
IMAGINE- ORION UPTOWN MALL BENGALURU,IMAGINE @ ORION UPTOWN MALL,banglore,chandana,2,p1,apple core / accy,,apple,,,4,4,4,,4,2,10,
IMAGINE- ORION UPTOWN MALL BENGALURU,IMAGINE @ ORION UPTOWN MALL,banglore,chandana,2,p2,apple accy / 3p accy,,apple ipad cases / tekne and grip,,,0,0,0,,10,1,3,
IMAGINE- ORION UPTOWN MALL BENGALURU,IMAGINE @ ORION UPTOWN MALL,banglore,chandana,2,p3,apple accy / 3p accy,,apple iphone cases / grip/ panzeer/dbramante/hypen,,,0,0,0,,12,2,4,
IMAGINE- ORION UPTOWN MALL BENGALURU,IMAGINE @ ORION UPTOWN MALL,banglore,chandana,2,p4,,,apple case/ tekne / grip /panzer,,,0,0,0,,13,3,5,
IMAGINE- RAJARAJESHWARI NAGAR BENGALURU,IMAGINE @ RR NAGAR,Bangalore,Chandana R,W1,P1,Apple Accy/ 3rd P Accy,,Apple /Tekne & Panzer Accy,,,1,6,6,,6,5,180,
IMAGINE- RAJARAJESHWARI NAGAR BENGALURU,IMAGINE @ RR NAGAR,Bangalore,Chandana R,,P2,Apple Accy/ 3rd P Accy,,Apple /Tekne & Panzer Accy,,,1,6,6,,6,5,180,
IMAGINE- RAJARAJESHWARI NAGAR BENGALURU,IMAGINE @ RR NAGAR,Bangalore,Chandana R,,P3,Apple Accy/ 3rd P Accy,,Apple & Grip Accy,,,1,6,6,,6,5,180,
IMAGINE- RAJARAJESHWARI NAGAR BENGALURU,IMAGINE @ RR NAGAR,Bangalore,Chandana R,W2,P4,Apple Accy/ 3rd P Accy,,Apple & Grip Accy,,,1,6,6,,6,4,144,
IMAGINE- RAJARAJESHWARI NAGAR BENGALURU,IMAGINE @ RR NAGAR,Bangalore,Chandana R,,P5,Apple Accy/ 3rd P Accy,,Apple & Tekne,,,1,4,4,,4,5,20,
IMAGINE- RAJARAJESHWARI NAGAR BENGALURU,IMAGINE @ RR NAGAR,Bangalore,Chandana R,,P6,Apple Accy/ 3rd P Accy,,"Apple, Tekne & Grip",,,1,4,4,,4,5,20,
IMAGINE- RAJARAJESHWARI NAGAR BENGALURU,IMAGINE @ RR NAGAR,Bangalore,Chandana R,W3,T1,3rd P Accy,,Tucano Laptop bag,,,1,3,3,,3,5,45,
IMAGINE- RAJARAJESHWARI NAGAR BENGALURU,IMAGINE @ RR NAGAR,Bangalore,Chandana R,,T2,3rd P Accy,,Tucano Laptop bag,,,1,3,3,,3,5,45,
IMAGINE- RAJARAJESHWARI NAGAR BENGALURU,IMAGINE @ RR NAGAR,Bangalore,Chandana R,W4,T3,3rd P Accy,,Marshall & Beats,,,1,3,3,,3,5,45,
IMAGINE- RAJARAJESHWARI NAGAR BENGALURU,IMAGINE @ RR NAGAR,Bangalore,Chandana R,,A1,Apple Accy,,Apple core,,,1,4,4,,4,5,50,
IMAGINE- RAJARAJESHWARI NAGAR BENGALURU,IMAGINE @ RR NAGAR,Bangalore,Chandana R,W5,P7,Apple Accy/ 3rd P Accy,,Apple & Tekne,,,1,8,8,,8,5,240,
IMAGINE- RAJARAJESHWARI NAGAR BENGALURU,IMAGINE @ RR NAGAR,Bangalore,Chandana R,,P8,Apple Accy/ 3rd P Accy,,Apple & Tekne,,,1,8,8,,8,5,240,
IMAGINE- RAJARAJESHWARI NAGAR BENGALURU,IMAGINE @ RR NAGAR,Bangalore,Chandana R,W6,T4,3rd P Accy,,Tekne,,,1,3,3,,3,5,45,
IMAGINE- RAJARAJESHWARI NAGAR BENGALURU,IMAGINE @ RR NAGAR,Bangalore,Chandana R,,P9,Apple Accy/ 3rd P Accy,,Apple & Tekne,,,1,1,1,,1,5,40,
IMAGINE- SREE RANGA ARCADE HASSAN,IMAGINE @ BM ROAD,Hassan,Srijith,1,PM,Apple,,Cable and Power adapters,,,Apple Accy,,,,8,5,120,
IMAGINE- SREE RANGA ARCADE HASSAN,IMAGINE @ BM ROAD,Hassan,Srijith,1,PM,Tekne,Tekne,Cable and Power adapters,,,Tekne,,,,6,5,90,
IMAGINE- SREE RANGA ARCADE HASSAN,IMAGINE @ BM ROAD,Hassan,Srijith,1,Pm,Apple,,iPhone cases (Apple),Phone case,,Apple Accy,,,,5,3,30,
IMAGINE- SREE RANGA ARCADE HASSAN,IMAGINE @ BM ROAD,Hassan,Srijith,1,PM,Tekne,Tekne,Tekne iPhone case,Phone case,,Tekne,,,,5,3,30,
IMAGINE- SREE RANGA ARCADE HASSAN,IMAGINE @ BM ROAD,Hassan,Srijith,1,PM,Panzerglass,,TG,,,Panzerglass,,,,6,5,30,
IMAGINE- SREE RANGA ARCADE HASSAN,IMAGINE @ BM ROAD,Hassan,Srijith,1,PM,Tekne,Tekne,Tekne iPhone case,Phone case,,Tekne,,,,5,3,30,
IMAGINE- SREE RANGA ARCADE HASSAN,IMAGINE @ BM ROAD,Hassan,Srijith,1,PM,Panzerglass,,Lens protector,,,Panzerglass,,,,6,5,30,
IMAGINE- SREE RANGA ARCADE HASSAN,IMAGINE @ BM ROAD,Hassan,Srijith,2,PM,Apple,,Mac accy,,,Apple Accy,,,,8,5,200,
IMAGINE- SREE RANGA ARCADE HASSAN,IMAGINE @ BM ROAD,Hassan,Srijith,2,PM,Gripp,,Watch Bands,,,Watch Bands,,,,6,5,30,
IMAGINE- SREE RANGA ARCADE HASSAN,IMAGINE @ BM ROAD,Hassan,Srijith,2,PM,Tekne,Tekne,Watch Bands,,,Watch Bands,,,,6,5,30,
IMAGINE- SREE RANGA ARCADE HASSAN,IMAGINE @ BM ROAD,Hassan,Srijith,2,PA,Appe,,Apple TV,,,Apple TV,,,,-,-,5,
IMAGINE- SREE RANGA ARCADE HASSAN,IMAGINE @ BM ROAD,Hassan,Srijith,3,PT,Apple,,Apple iPad Cases,,,iPad accy,,,,8,1,16,
IMAGINE- SREE RANGA ARCADE HASSAN,IMAGINE @ BM ROAD,Hassan,Srijith,3,PT,Tekne,Tekne,Tekne iPad Case,,,iPad accy,,,,8,1,1,
IMAGINE- SREE RANGA ARCADE HASSAN,IMAGINE @ BM ROAD,Hassan,Srijith,4,PT,Tucano,,Sleeves,,,Mac Accy,,,,3,1,3,
IMAGINE- SREE RANGA ARCADE HASSAN,IMAGINE @ BM ROAD,Hassan,Srijith,4,PT,Rivacase,,Sleeves,,,Mac Accy,,,,3,1,3,
IMAGINE- SREE RANGA ARCADE HASSAN,IMAGINE @ BM ROAD,Hassan,Srijith,4,PT,Belkin,,Surge Protector,,,Mac Accy,,,,3,1,3,
IMAGINE- SREE RANGA ARCADE HASSAN,IMAGINE @ BM ROAD,Hassan,Srijith,4,PT,Marshall,,BT Speaker,,,Speakers,2,,,-,-,2,
IMAGINE- SREE RANGA ARCADE HASSAN,IMAGINE @ BM ROAD,Hassan,Srijith,5,PA,Apple,,Apple Glass Shelf,,,4,8,48,,,,,
IMAGINE- BM HABITAT MALL MYSURU,IMAGINE @ HABITAT MALL,MYSORE,SRIJITH,W1,PA,PA1,,ADAPTOR & MAGSAFE,,,0,0,0,,8,2,16,
IMAGINE- BM HABITAT MALL MYSURU,IMAGINE @ HABITAT MALL,MYSORE,SRIJITH,W1,PA,PA2,Tekne+,CASES,Phone case,,0,0,0,,8,2,16,
IMAGINE- BM HABITAT MALL MYSURU,IMAGINE @ HABITAT MALL,MYSORE,SRIJITH,W1,PT,TPA1,,ADAPTOR,,,0,0,0,,8,3,24,
IMAGINE- BM HABITAT MALL MYSURU,IMAGINE @ HABITAT MALL,MYSORE,SRIJITH,W1,PM,TPA2,,3 IN 1 CHARGER,,,0,0,0,,8,3,24,
IMAGINE- BM HABITAT MALL MYSURU,IMAGINE @ HABITAT MALL,MYSORE,SRIJITH,W1,PM,TPA3,,CHARGER & CAR MOUNT,,,0,0,0,,8,3,24,
IMAGINE- BM HABITAT MALL MYSURU,IMAGINE @ HABITAT MALL,MYSORE,SRIJITH,W2,PA,PA1,Tekne+,CASES,Phone case,,0,0,0,,6,2,12,
IMAGINE- BM HABITAT MALL MYSURU,IMAGINE @ HABITAT MALL,MYSORE,SRIJITH,W2,PA,PA2,Tekne+,CASES,Phone case,,0,0,0,,6,2,12,
IMAGINE- BM HABITAT MALL MYSURU,IMAGINE @ HABITAT MALL,MYSORE,SRIJITH,W2,PM,TPA1,,PANZER GLASS,,,0,0,0,,6,3,18,
IMAGINE- BM HABITAT MALL MYSURU,IMAGINE @ HABITAT MALL,MYSORE,SRIJITH,W2,PM,TPA2,,CARE CASES,,,0,0,0,,6,3,18,
IMAGINE- BM HABITAT MALL MYSURU,IMAGINE @ HABITAT MALL,MYSORE,SRIJITH,W2,PT,TPA3,,LENS PROTECTOR,,,0,0,0,,6,3,18,
IMAGINE- BM HABITAT MALL MYSURU,IMAGINE @ HABITAT MALL,MYSORE,SRIJITH,W3,PM,TPA1,,TUCANO SLEVES,,,0,0,0,,3,2,6,
IMAGINE- BM HABITAT MALL MYSURU,IMAGINE @ HABITAT MALL,MYSORE,SRIJITH,W3,PM,TPA2,,PULSE POWER BANK,,,0,0,0,,6,3,18,
IMAGINE- BM HABITAT MALL MYSURU,IMAGINE @ HABITAT MALL,MYSORE,SRIJITH,W3,PM,TPA3,,LENS PROTECTOR & STRAPS,,,0,0,0,,6,5,30,
IMAGINE- BM HABITAT MALL MYSURU,IMAGINE @ HABITAT MALL,MYSORE,SRIJITH,W4,PM,TPA1,Tekne+,TEKNE PRO MAX CASES,Phone case,,0,0,0,,6,3,18,
IMAGINE- BM HABITAT MALL MYSURU,IMAGINE @ HABITAT MALL,MYSORE,SRIJITH,W4,PM,TPA2,Tekne+,TEKNE PRO CASES,Phone case,,0,0,0,,6,3,18,
IMAGINE- BM HABITAT MALL MYSURU,IMAGINE @ HABITAT MALL,MYSORE,SRIJITH,W4,PT,TPA3,,TEKNE PULSE CASES,,,0,0,0,,6,3,18,
IMAGINE- BM HABITAT MALL MYSURU,IMAGINE @ HABITAT MALL,MYSORE,SRIJITH,W4,PM,TPA4,Tekne+,TEKNE CASES,Phone case,,0,0,0,,6,3,18,
IMAGINE- BM HABITAT MALL MYSURU,IMAGINE @ HABITAT MALL,MYSORE,SRIJITH,W5,PA,PA1,,IPAD CASES,,,0,0,0,,4,1,4,
IMAGINE- BM HABITAT MALL MYSURU,IMAGINE @ HABITAT MALL,MYSORE,SRIJITH,W5,PM,TPA1,,TEKNE IPAD CASES,,,0,0,0,,4,2,8,
IMAGINE- BM HABITAT MALL MYSURU,IMAGINE @ HABITAT MALL,MYSORE,SRIJITH,W5,PT,TPA2,,PANZER GLASSES,,,0,0,0,,4,5,20,
IMAGINE- BM HABITAT MALL MYSURU,IMAGINE @ HABITAT MALL,MYSORE,SRIJITH,W6,PA,PA1,,20W ADAPTOR,,,0,0,0,,8,3,24,
IMAGINE- BM HABITAT MALL MYSURU,IMAGINE @ HABITAT MALL,MYSORE,SRIJITH,W6,PA,PA2,,CABLE,,,0,0,0,,8,3,24,
IMAGINE- BM HABITAT MALL MYSURU,IMAGINE @ HABITAT MALL,MYSORE,SRIJITH,W6,PA,PA3,,EARPODS,,,0,0,0,,8,5,40,
IMAGINE- BM HABITAT MALL MYSURU,IMAGINE @ HABITAT MALL,MYSORE,SRIJITH,W6,PT,TPA1,,WIRELESS CHARGER & ADAPTOR,,,0,0,0,,8,3,24,
IMAGINE- BM HABITAT MALL MYSURU,IMAGINE @ HABITAT MALL,MYSORE,SRIJITH,W6,PM,TPA2,,ADAPTOR & CABLE,,,0,0,0,,8,3,24,
IMAGINE- BM HABITAT MALL MYSURU,IMAGINE @ HABITAT MALL,MYSORE,SRIJITH,W7,PA,PA1,,APPLE TV,,,S1,2,2,,0,0,0,
IMAGINE- BM HABITAT MALL MYSURU,IMAGINE @ HABITAT MALL,MYSORE,SRIJITH,W7,PA,PA2,,EARPODS,,,0,0,0,,8,1,8,
IMAGINE- KNS TOWERS TUMKUR,IMAGINE @ KNS TOWERS,Bengaluru,Srijith,W1,PM,Apple,,IPad Cases,,,,,,,6,1,2,
IMAGINE- KNS TOWERS TUMKUR,IMAGINE @ KNS TOWERS,Bengaluru,Srijith,W1,PM,TPA,,IPad Cases and Camera lens,,,,,,,6,1,2,
IMAGINE- KNS TOWERS TUMKUR,IMAGINE @ KNS TOWERS,Bengaluru,Srijith,W2,PT,TPA,,"Laptop Sleve, IPad case and Magnetic filters",,,,,,,9,1,3,
IMAGINE- KNS TOWERS TUMKUR,IMAGINE @ KNS TOWERS,Bengaluru,Srijith,W3,PA,Apple,,"Phones, Pencil, Keyboard, Mouse, Airpods",,,4,5,6,,,,,
IMAGINE- KNS TOWERS TUMKUR,IMAGINE @ KNS TOWERS,Bengaluru,Srijith,W4,PT,TPA,Tekne+,IPhone Cases,Phone case,,,,,,12,2,3,
IMAGINE- KNS TOWERS TUMKUR,IMAGINE @ KNS TOWERS,Bengaluru,Srijith,W5,PM,Apple,,Apple IPhone Cases,Phone case,,,,,,12,2,4,
IMAGINE- KNS TOWERS TUMKUR,IMAGINE @ KNS TOWERS,Bengaluru,Srijith,W5,PM,TPA,Tekne+,IPhone TG and IPhone Cases,Phone case,,,,,,18,2,4,
IMAGINE- KNS TOWERS TUMKUR,IMAGINE @ KNS TOWERS,Bengaluru,Srijith,W6,PM,Apple,,Apple IPhone Cases,Phone case,,,,,,12,2,4,
IMAGINE- KNS TOWERS TUMKUR,IMAGINE @ KNS TOWERS,Bengaluru,Srijith,W6,PM,TPA,Tekne+,IPhone Cases,Phone case,,,,,,18,2,3,
IMAGINE- KNS TOWERS TUMKUR,IMAGINE @ KNS TOWERS,Bengaluru,Srijith,W7,PM,Apple,,"Adapter, Cables, Wirless charges,Earphones",,,,,,,24,2,3,
IMAGINE- KNS TOWERS TUMKUR,IMAGINE @ KNS TOWERS,Bengaluru,Srijith,W7,PM,TPA,,"Adapter, Cables, Wirless charges",,,,,,,20,3,3,
IMAGINE- KNS TOWERS TUMKUR,IMAGINE @ KNS TOWERS,Bengaluru,Srijith,W8,PM,Apple,,"Adapter, Cables, Wirless charges,Earphones",,,,,,,24,3,4,
IMAGINE- KNS TOWERS TUMKUR,IMAGINE @ KNS TOWERS,Bengaluru,Srijith,W8,PM,TPA,,"Adapter, Cables, Wirless charges",,,,,,,20,3,4,
IMAGINE- KNS TOWERS TUMKUR,IMAGINE @ KNS TOWERS,Bengaluru,Srijith,W9,PM,Apple,,Apple TV,,,1,2,3,,,,,
IMAGINE- KNS TOWERS TUMKUR,IMAGINE @ KNS TOWERS,Bengaluru,Srijith,W9,PM,TPA,,Watch straps,,,,,,,8,2,3,
IMAGINE- G SQUARE ALAPPUZHA,IMAGINE @ CULLEN ROAD,ALAPPUZHA,Anil,W1,mixed panel,"APPLE, PULSE",,"adapters,cable,phone mount,wireless charger,wall charger,pencil tip",,,-,-,-,,46,2,92,
IMAGINE- G SQUARE ALAPPUZHA,IMAGINE @ CULLEN ROAD,ALAPPUZHA,Anil,W2,mixed panel,"tekene,apple,gripp,travel,hypen",,"traval organizor,watch charger,cable,wallet,airpod case,duokit, headphone, magsafe charger,usb-c to digital av,airtag,convertor,",,,-,-,-,,44,2,132,
IMAGINE- G SQUARE ALAPPUZHA,IMAGINE @ CULLEN ROAD,ALAPPUZHA,Anil,W3,mixed panel,"Tucano,Native Union,Pulse,Gripp",,"Sleeve,Privacy Filter, Revolving Stand",,,-,-,-,,9,2,18,
IMAGINE- G SQUARE ALAPPUZHA,IMAGINE @ CULLEN ROAD,ALAPPUZHA,Anil,W4,mixed panel,"Apple, Tekne",Tekne+,iPad case,,,-,-,-,,16,1,16,
IMAGINE- G SQUARE ALAPPUZHA,IMAGINE @ CULLEN ROAD,ALAPPUZHA,Anil,W5,mixed panel,"Marshall, Apple TV",,"Apple TV, Marshall Speakers",,,3,1,3,,-,-,-,
IMAGINE- G SQUARE ALAPPUZHA,IMAGINE @ CULLEN ROAD,ALAPPUZHA,Anil,W6,mixed panel,"Apple,Gripp,Tekne,panzer",Tekne+,iPhone cases,Phone case,,-,-,-,,30,4,120,
IMAGINE- G SQUARE ALAPPUZHA,IMAGINE @ CULLEN ROAD,ALAPPUZHA,Anil,W7,mixed panel,"apple,tekene,panzer,gripp,safe",Tekne+,"case,tempered glass,camera lense",Phone case,,-,-,-,,36,3,108,
IMAGINE- G SQUARE ALAPPUZHA,IMAGINE @ CULLEN ROAD,ALAPPUZHA,Anil,W8,mixed panel,"apple ,gripp,tekene",Tekne+,iphone cases,Phone case,,-,-,-,,29,2,58,
IMAGINE- G SQUARE ALAPPUZHA,IMAGINE @ CULLEN ROAD,ALAPPUZHA,Anil,W9,mixed panel,apple tekene,,"watch strap,power bank,",,,-,-,-,,12,3,36,
IMAGINE- G SQUARE ALAPPUZHA,IMAGINE @ CULLEN ROAD,ALAPPUZHA,Anil,W10,mixed panel,"apple,combotouch,ultrahuman ring",,"ring,adapter,airpods,pencil,ipad,iphones,keybord",,,4,9,36,,-,-,-,
IMAGINE- HILITE MALL CALICUT,IMAGINE @ HI LITE MALL,CALICUT,RAMANAN,W1,PA1,APPLE,,AUDIO,,,3,4,12,,,,,
IMAGINE- HILITE MALL CALICUT,IMAGINE @ HI LITE MALL,CALICUT,RAMANAN,W1,PT1,TPA,,TEKNE ADAPTOR/POWER BANK/ GRIPP LENS PROTECTOR/WATCH STRAPS/WATS TG,,,2,15,30,,18,6,108,
IMAGINE- HILITE MALL CALICUT,IMAGINE @ HI LITE MALL,CALICUT,RAMANAN,W1,PT2,TPA,,TEKNE MAC SCREEN FILTER / MAC ESSENTIAL KIT / ORGANISER/ NATIVE UNION SLEEVES,,,3,6,18,,2,6,12,
IMAGINE- HILITE MALL CALICUT,IMAGINE @ HI LITE MALL,CALICUT,RAMANAN,W1,PA2,APPLE,,WATCH STRAPS / STORAGE RACK,,,,,,,12,4,48,
IMAGINE- HILITE MALL CALICUT,IMAGINE @ HI LITE MALL,CALICUT,RAMANAN,W2,PT1,TPA,,TG/CABLES,,,,,,,18,6,,
IMAGINE- HILITE MALL CALICUT,IMAGINE @ HI LITE MALL,CALICUT,RAMANAN,W2,PT2,TPA,Tekne+,TG/CASES,Phone case,,,,,,18,6,,
IMAGINE- HILITE MALL CALICUT,IMAGINE @ HI LITE MALL,CALICUT,RAMANAN,W2,PT3,TPA,,MAC CASES,,,2,2,,,,,,
IMAGINE- HILITE MALL CALICUT,IMAGINE @ HI LITE MALL,CALICUT,RAMANAN,W2,PT4,TPA,Tekne+,PHONE CASES,Phone case,,,,,,12,6,,
IMAGINE- HILITE MALL CALICUT,IMAGINE @ HI LITE MALL,CALICUT,RAMANAN,W3,PT1,TPA,,MARSHALL AUDIO,,,2,1,,,,,,
IMAGINE- HILITE MALL CALICUT,IMAGINE @ HI LITE MALL,CALICUT,RAMANAN,W3,PT2,TPA,,PULSE 3in1,,,2,6,,,,,,
IMAGINE- HILITE MALL CALICUT,IMAGINE @ HI LITE MALL,CALICUT,RAMANAN,W3,PT3,TPA,,LAPTOP STAND,,,2,3,,,,,,
IMAGINE- HILITE MALL CALICUT,IMAGINE @ HI LITE MALL,CALICUT,RAMANAN,W3,PT4,TPA,,IPAD COVER,,,2,3,,,,,,
IMAGINE- HILITE MALL CALICUT,IMAGINE @ HI LITE MALL,CALICUT,RAMANAN,W4,PM1,APPLE/TPA,,IPAD CASES/TEKNE IPAD CASES,,,,,,,21,4,84,
IMAGINE- HILITE MALL CALICUT,IMAGINE @ HI LITE MALL,CALICUT,RAMANAN,W4,PT1,TPA,Tekne+,PHONE CASES/TG,Phone case,,,,,,48,6,288,
IMAGINE- HILITE MALL CALICUT,IMAGINE @ HI LITE MALL,CALICUT,RAMANAN,W4,PA1,APPLE,,PHONE CASES/ADAPTORS/CABLES,Phone case,,,,,,42,6,252,
IMAGINE- HILITE MALL CALICUT,IMAGINE @ HI LITE MALL,CALICUT,RAMANAN,W4,PA2,APPLE,,TV/MOUSE/KEYBOARD/ACC,,,3,4,12,,,,,
IMAGINE- LULU MALL TRIVANDRUM,"IMAGINE @ LULU MALL, TRIVANDRUM",Trivandrum,Anil,W1,PM-1,"Apple,Gripp,Panzer,Popsocket",,"Strap,lens protector,Popsocket,CarMount",,,,,,,6,8,48,
IMAGINE- LULU MALL TRIVANDRUM,"IMAGINE @ LULU MALL, TRIVANDRUM",Trivandrum,Anil,W1,PT-1,Panzer,,TG,,,,,,,6,6,36,
IMAGINE- LULU MALL TRIVANDRUM,"IMAGINE @ LULU MALL, TRIVANDRUM",Trivandrum,Anil,W1,PT-2,Pulse,,"Cable,PowerBank,Adaptors",,,,,,,6,5,30,
IMAGINE- LULU MALL TRIVANDRUM,"IMAGINE @ LULU MALL, TRIVANDRUM",Trivandrum,Anil,W1,PA -1,Apple,,"Apple Tv,Airpod",,,1,2,2,,,,,
IMAGINE- LULU MALL TRIVANDRUM,"IMAGINE @ LULU MALL, TRIVANDRUM",Trivandrum,Anil,W1,PA -2,Apple,,Case,Phone case,,6,2,12,,,,,
IMAGINE- LULU MALL TRIVANDRUM,"IMAGINE @ LULU MALL, TRIVANDRUM",Trivandrum,Anil,W1,PT-3,Pulse,,ipad and iphone cases,,,3,5,15,,,,,
IMAGINE- LULU MALL TRIVANDRUM,"IMAGINE @ LULU MALL, TRIVANDRUM",Trivandrum,Anil,W1,PT-4,Pulse,Tekne+,Iphone Cases,Phone case,,,,,,6,5,30,
IMAGINE- LULU MALL TRIVANDRUM,"IMAGINE @ LULU MALL, TRIVANDRUM",Trivandrum,Anil,W2,PT-1,JBL,,Speaker,,,1,2,2,,,,,
IMAGINE- LULU MALL TRIVANDRUM,"IMAGINE @ LULU MALL, TRIVANDRUM",Trivandrum,Anil,W2,PT-2,Pulse,,"Powerbank,CarMount",,,,,,,6,5,30,
IMAGINE- LULU MALL TRIVANDRUM,"IMAGINE @ LULU MALL, TRIVANDRUM",Trivandrum,Anil,W2,PT-3,Gravastar,,Speaker,,,1,2,2,,,,,
IMAGINE- LULU MALL TRIVANDRUM,"IMAGINE @ LULU MALL, TRIVANDRUM",Trivandrum,Anil,W2,PT-4,JBL,,Speaker,,,1,2,2,,,,,
IMAGINE- LULU MALL TRIVANDRUM,"IMAGINE @ LULU MALL, TRIVANDRUM",Trivandrum,Anil,W3,PA-1,Apple,,Apple Homepod,,,1,3,3,,,,,
IMAGINE- LULU MALL TRIVANDRUM,"IMAGINE @ LULU MALL, TRIVANDRUM",Trivandrum,Anil,W3,PT-1,"pulse,belkin",,"Sleeves,Surgeprotector,MaganaticPrivacyGuard",,,,,,,3,5,15,
IMAGINE- LULU MALL TRIVANDRUM,"IMAGINE @ LULU MALL, TRIVANDRUM",Trivandrum,Anil,W3,PA-2,Apple,,"Airpods,adaptors",,,1,10,10,,,,,
IMAGINE- LULU MALL TRIVANDRUM,"IMAGINE @ LULU MALL, TRIVANDRUM",Trivandrum,Anil,W3,PT-2,"Marshal,soniclamb,tekne",Tekne+,"Screen Cleaner,headphone,ring",,,1,3,3,,,,,
IMAGINE- LULU MALL TRIVANDRUM,"IMAGINE @ LULU MALL, TRIVANDRUM",Trivandrum,Anil,W3,PA-3,Apple,,"cable,adaptors,watchcharger",,,,,,,6,8,48,
IMAGINE- LULU MALL TRIVANDRUM,"IMAGINE @ LULU MALL, TRIVANDRUM",Trivandrum,Anil,W3,PA-4,Apple,,Iphone,,,1,6,6,,,,,
IMAGINE- LULU MALL KOCHI,IMAGINE @ LULU,CALICUT,RAMANAN,W1,PT1,TPA,,MAC SLEEVES AND PRIVACY FILTER,,,,,,,9,3,27,
IMAGINE- LULU MALL KOCHI,IMAGINE @ LULU,CALICUT,RAMANAN,W1,PA1,APPLE,,IPAD FOLIO,,,,,,,16,3,48,
IMAGINE- LULU MALL KOCHI,IMAGINE @ LULU,CALICUT,RAMANAN,W2,PA1,APPLE,,"AIRPODS, KEYBOARD FOLIO AND PENCIL",,,4,4,16,,,,,
IMAGINE- LULU MALL KOCHI,IMAGINE @ LULU,CALICUT,RAMANAN,W2,PM1,APPLE,,AUDIO,,,,,,,12,3,36,
IMAGINE- LULU MALL KOCHI,IMAGINE @ LULU,CALICUT,RAMANAN,W2,PM2,TPA / APPLE,,Essentials (Power bank/Wall charger/USB cable),,,,,,,45,4,180,
IMAGINE- LULU MALL KOCHI,IMAGINE @ LULU,CALICUT,RAMANAN,W2,PM3,TPA / APPLE,,Essentials (Power bank/Wall charger/USB cable),,,,,,,44,4,176,
IMAGINE- LULU MALL KOCHI,IMAGINE @ LULU,CALICUT,RAMANAN,W3,PM1,TPA / APPLE,Tekne+,IPHONE CASES,Phone case,,,,,,30,4,120,
IMAGINE- LULU MALL KOCHI,IMAGINE @ LULU,CALICUT,RAMANAN,W3,PM2,TPA / APPLE,Tekne+,IPHONE CASES,Phone case,,,,,,30,4,120,
IMAGINE- LULU MALL KOCHI,IMAGINE @ LULU,CALICUT,RAMANAN,W4,PM1,TPA / APPLE,Tekne+,IPHONE CASES,Phone case,,,,,,30,4,120,
IMAGINE- LULU MALL KOCHI,IMAGINE @ LULU,CALICUT,RAMANAN,W4,PM2,TPA / APPLE,Tekne+,"APPLE TV, WATCH AND AIRPODS CASES",Phone case,,1,3,3,,8,3,24,
IMAGINE- FORUM THOMSUN MALL KOCHI,IMAGINE @ FORUM KOCHI,Kochi,Anil,W1,Mixed,"Apple,pulse/Tekne",Tekne+,"Adapter,cables powerbank",,,-,-,-,,84,2,300,
IMAGINE- FORUM THOMSUN MALL KOCHI,IMAGINE @ FORUM KOCHI,Kochi,Anil,W2,Mixed,"Apple,Tekne/pulse,Gripp",Tekne+,"Ipad case,TG",,,-,-,-,,24,1,24,
IMAGINE- FORUM THOMSUN MALL KOCHI,IMAGINE @ FORUM KOCHI,Kochi,Anil,W3,Mixed,"Apple,Tekne/pulse,Gripp",Tekne+,"iphone case,watchstraps,apple TV",Phone case,,-,-,-,,30,1,70,
IMAGINE- FORUM THOMSUN MALL KOCHI,IMAGINE @ FORUM KOCHI,Kochi,Anil,W4,Mixed,"Apple,Tekne/pulse,Gripp",Tekne+,Iphone case and TG,Phone case,,-,-,-,,72,2,150,
IMAGINE- FORUM THOMSUN MALL KOCHI,IMAGINE @ FORUM KOCHI,Kochi,Anil,W5,Mixed,"Tekne/Pulse,Gripp,Belkin",Tekne+,"Laptopbags, Surge protector,laptop stand",,,-,-,-,,21,1,25,
IMAGINE- FORUM THOMSUN MALL KOCHI,IMAGINE @ FORUM KOCHI,Kochi,Anil,W6,Apple,Apple,,"Iphone,ipad,Airpods",,,4,6,25,,-,-,-,
IMAGINE- SM TOWER KOLLAM,IMAGINE @ SM TOWER,Kollam,Anil,W1,mixed panel,"Apple,Tekne,Grip",Tekne+,"iphone cases,Lens protector",Phone case,,-,-,-,,30,5,150,
IMAGINE- SM TOWER KOLLAM,IMAGINE @ SM TOWER,Kollam,Anil,W2,mixed panel,"Apple,panzer,Gripp",Tekne+,"Iphone cases,TG",Phone case,,-,-,-,,30,5,150,
IMAGINE- SM TOWER KOLLAM,IMAGINE @ SM TOWER,Kollam,Anil,W3,mixed panel,"Riva,Tekne",Tekne+,"Laptop Bags,Ipad Cases,Privacy filters",,,-,-,-,,9,1,9,
IMAGINE- SM TOWER KOLLAM,IMAGINE @ SM TOWER,Kollam,Anil,W4,Apple panel,Apple,,"Apple Keyboard,Ipad,Iphone,pencil,Airpods,Mouse",,,4,5,20,,-,-,-,
IMAGINE- SM TOWER KOLLAM,IMAGINE @ SM TOWER,Kollam,Anil,W5,mixed panel,"Gripp,Belkin,Fuelbox,powerup",,"Surge protector,airpod cases,Cables,headphones,Car mount,Car holder etc",,,-,-,-,,12,2,24,
IMAGINE- SM TOWER KOLLAM,IMAGINE @ SM TOWER,Kollam,Anil,W6,mixed panel,"Apple,Gripp,Logitech",Tekne+,"ipad cases,Keyboard,Ipad TG,Airpods Cases",Phone case,,-,-,-,,16,1,16,
IMAGINE- SM TOWER KOLLAM,IMAGINE @ SM TOWER,Kollam,Anil,W7,mixed panel,"Apple,Tekne",Tekne+,"Adaptors,Cables,ear pods,Power bank,Cables,Multiport Adaptors,Airtags,Magsafe",,,-,-,-,,42,5,210,
IMAGINE- SM TOWER KOLLAM,IMAGINE @ SM TOWER,Kollam,Anil,W8,mixed panel,"Apple,Hypine,Gripp",,"Apple TV,Watch Straps,Gripp",,,2,1,2,,8,2,16,
0,IMAGINE @ LULU KOZHIKODE,KOZHIKODE,RAMANAN,W1,PT,"BEATS, MARSHALL",,AUDIO,,,,,,,12,1,12,
0,IMAGINE @ LULU KOZHIKODE,KOZHIKODE,RAMANAN,W1,PM,"APPLE,TEKNE,PULSE,POWERUP",Tekne+,PHONE ACCESSORIES AND MAC ACCESSORIES,,,,,,,88,3,264,
0,IMAGINE @ LULU KOZHIKODE,KOZHIKODE,RAMANAN,W1,PM,"APPLE,TEKNE,PULSE,PANZER",Tekne+,PHONE CASE AND TG,Phone case,,,,,,60,4,240,
0,IMAGINE @ LULU KOZHIKODE,KOZHIKODE,RAMANAN,W1,PM,"APPLE,GRIP, PULSE,AMAZING THING",Tekne+,"PHONE CASE,WATCH STRAP",Phone case,,,,,,28,6,168,
0,IMAGINE @ LULU KOZHIKODE,KOZHIKODE,RAMANAN,W1,PA2,APPLE,,"PHONE,AIRPODS,TABLET ACC,WATCH ACC,MACBOOK ACC",,,,4,37,,,,,
0,IMAGINE @ LULU KOZHIKODE,KOZHIKODE,RAMANAN,W2,PM,"GRIP,TEKNE RIVACASE",Tekne+,"TABLET CASE,MACBOOK ACC",,,,,,,9,2,18,
0,IMAGINE @ LULU KOZHIKODE,KOZHIKODE,RAMANAN,W2,PA,APPLE,,TBLET CASE,,,,,,,12,1,12,
IMAGINE- THE MIRAGE UDUPI,"IMAGINE @ MANIPAL ROAD, UDUPI",UDUPI,SRIJITH,W1,PA1,APPLE,,APPLE TV / Essentials (Wall charger / cable/ Earphones),,,2,2,4,,8,6,48,
IMAGINE- THE MIRAGE UDUPI,"IMAGINE @ MANIPAL ROAD, UDUPI",UDUPI,SRIJITH,W1,PA2,APPLE,,Audio / phones / Mac and Ipad Acc,,,3,15,45,,0,0,0,
IMAGINE- THE MIRAGE UDUPI,"IMAGINE @ MANIPAL ROAD, UDUPI",UDUPI,SRIJITH,W2,PM1,APPLE,,Clear Cases / Silicon / Laether cases,Phone case,,0,0,0,,12,6,72,
IMAGINE- THE MIRAGE UDUPI,"IMAGINE @ MANIPAL ROAD, UDUPI",UDUPI,SRIJITH,W2,PM1,TPA,Tekne+,Clear Cases / Silicon/ Matt cases,Phone case,,0,0,0,,18,6,108,
IMAGINE- THE MIRAGE UDUPI,"IMAGINE @ MANIPAL ROAD, UDUPI",UDUPI,SRIJITH,W2,PM2,APPLE,,Clear Cases / Silicon / Laether cases,Phone case,,0,0,0,,12,6,72,
IMAGINE- THE MIRAGE UDUPI,"IMAGINE @ MANIPAL ROAD, UDUPI",UDUPI,SRIJITH,W2,PM2,TPA,Tekne+,Clear Cases / Silicon/ Matt cases,Phone case,,0,0,0,,18,6,108,
IMAGINE- THE MIRAGE UDUPI,"IMAGINE @ MANIPAL ROAD, UDUPI",UDUPI,SRIJITH,W3,PM3,APPLE,,Watch band,,,0,0,0,,7,5,35,
IMAGINE- THE MIRAGE UDUPI,"IMAGINE @ MANIPAL ROAD, UDUPI",UDUPI,SRIJITH,W3,PM3,TPA,,Watch glass/Camera lens protector / Wall chargers / powerbanks / cables,,,0,0,0,,28,5,140,
IMAGINE- THE MIRAGE UDUPI,"IMAGINE @ MANIPAL ROAD, UDUPI",UDUPI,SRIJITH,W3,PM4,TPA,,Sleeves/Laptop bags / Hard Shells,,,0,0,0,,6,4,24,
IMAGINE- THE MIRAGE UDUPI,"IMAGINE @ MANIPAL ROAD, UDUPI",UDUPI,SRIJITH,W4,PM5,APPLE,,Ipad cases,,,0,0,0,,4,3,12,
IMAGINE- THE MIRAGE UDUPI,"IMAGINE @ MANIPAL ROAD, UDUPI",UDUPI,SRIJITH,W4,PM5,TPA,,Ipad cases / Ipad TG,,,0,0,0,,8,4,32,
IMAGINE- THE MIRAGE UDUPI,"IMAGINE @ MANIPAL ROAD, UDUPI",UDUPI,SRIJITH,W4,PM6,APPLE,,Essentials (Wall charger /cable / pencil tips /mac hub ),,,0,0,0,,21,5,105,
IMAGINE- THE MIRAGE UDUPI,"IMAGINE @ MANIPAL ROAD, UDUPI",UDUPI,SRIJITH,W4,PM6,TPA,,(Wall charger /cable / pencil tips /mac hub ),,,0,0,0,,14,4,56,
IMAGINE- MC ROAD THIRUVALLA,IMAGINE @ MC ROAD,THIRUVALLA,Anil,W1,mixed panel,"Apple,Tekne,Panzer",Tekne+,"iphone cases, TG",Phone case,,,,,,6,5,30,
IMAGINE- MC ROAD THIRUVALLA,IMAGINE @ MC ROAD,THIRUVALLA,Anil,W2,mixed panel,"Apple,Tekne,Grip,Panzer",Tekne+,"iphone cases,Lens protector, TG",Phone case,,,,,,6,5,30,
IMAGINE- MC ROAD THIRUVALLA,IMAGINE @ MC ROAD,THIRUVALLA,Anil,W3,mixed panel,"Apple ,Tekne,Grip,Tucano",Tekne+,"Ipad case, TG",,,,,,,4,5,20,
IMAGINE- MC ROAD THIRUVALLA,IMAGINE @ MC ROAD,THIRUVALLA,Anil,W4,Apple Panel,Apple,,"Apple Keyboard,Iphone,pencil,Airpods,Mouse, Apple Watch",,,4,5,20,,,0,0,
IMAGINE- MC ROAD THIRUVALLA,IMAGINE @ MC ROAD,THIRUVALLA,Anil,W5,mixed panel,"Apple,Tekne",Tekne+,"Adaptors,Cables,Multiport Adaptors,Airtags,Magsafe",,,,,,,8,5,40,
IMAGINE- MC ROAD THIRUVALLA,IMAGINE @ MC ROAD,THIRUVALLA,Anil,W6,mixed panel,"Apple,Tekne,Hyphen,Grip,Fuelbox",Tekne+,"Cabels , ear pods,pencil tip, card holder, Airpod case,adaptors, carmount,powe bank ,Multiport Hub",,,,,,,8,5,40,
IMAGINE- MC ROAD THIRUVALLA,IMAGINE @ MC ROAD,THIRUVALLA,Anil,W7,mixed panel,"Apple,Grip,panzer",,"Watch Straf, Watch Case, Carmount, Cables, Cleaning Solution",,,,,,,5,5,25,
IMAGINE- MC ROAD THIRUVALLA,IMAGINE @ MC ROAD,THIRUVALLA,Anil,W8,mixed panel,"Tucano,belkin,tekne",Tekne+,"Surge protector, Laptop case, privacy filter",,,,,,,3,5,15,
IMAGINE- MC ROAD THIRUVALLA,IMAGINE @ MC ROAD,THIRUVALLA,Anil,W9,mixed panel,"Apple, Marshal",,"Apple TV, Marshal speker",,,2,2,4,,,,,
IMAGINE- KMC KOLLAM,IMAGINE @ KOLLAM,KOLLAM,Anil,W1,Mixed Panel,"Apple, Tekne, Panzer",Tekne+,"Phone cases, Watch strap",Phone case,,-,-,-,,24,5,120,
IMAGINE- KMC KOLLAM,IMAGINE @ KOLLAM,KOLLAM,Anil,W2,Mixed Panel,"Gripp, Tekne, Panzer",Tekne+,"Phone Cases, iPhone Tempered Glass, iPad Cases",,,-,-,-,,24,5,120,
IMAGINE- KMC KOLLAM,IMAGINE @ KOLLAM,KOLLAM,Anil,W3,Mixed Panel,"Tekne, Panzer",Tekne+,"Power bank, Lens protector, iPad Cases, Hub, Cables",,,-,-,-,,20,5,100,
IMAGINE- KMC KOLLAM,IMAGINE @ KOLLAM,KOLLAM,Anil,W4,Mixed Panel,"Apple, Gripp, Powerup",,"Adaptors,Cables,ear pods,Cables, Airpods case, Magsafe",,,2,8,16,,20,5,100,
IMAGINE- KMC KOLLAM,IMAGINE @ KOLLAM,KOLLAM,Anil,W5,Apple Panel,Apple,,"Phones, Airpods, Cables, Adaptors, Airtag, Pencil, Magic Keyboard, Watches, Magic Mouse",,,3,8,24,,16,4,64,
IMAGINE- KMC KOLLAM,IMAGINE @ KOLLAM,KOLLAM,Anil,W6,Apple Panel,"Apple, Marshall",,"Apple TV 4K, Homepod Mini, Marshall Speakers",,,2,1,2,,2,2,4,
IMAGINE- PATTOM TRIVANDRUM,IMAGINE @ PATTOM,PATTOM,Anil,W1,Mixed Panel,"Tucano, Tekne, Panzer,Gripp, Powerup",Tekne+,"Phone Cases, iPhone Tempered Glass, iPad Cases, Lens protector, iPad Cases ,car charger",Phone case,,,,,,22,5,110,
IMAGINE- PATTOM TRIVANDRUM,IMAGINE @ PATTOM,PATTOM,Anil,W2,Mixed Panel,"Gripp, Panzer,Belkin",Tekne+,"Phone cases, Belkin surge protector",Phone case,,,,,,22,5,110,
IMAGINE- PATTOM TRIVANDRUM,IMAGINE @ PATTOM,PATTOM,Anil,W3,Mixed Panel,"Apple,Tekne",Tekne+,Phone Case,Phone case,,,,,,30,5,150,
IMAGINE- PATTOM TRIVANDRUM,IMAGINE @ PATTOM,PATTOM,Anil,W4,Mixed Panel,"Tekne,Panzer",Tekne+,"Adaptors,Cables,Cable,watch straps, camera lens protector",,,,,,,35,5,175,
IMAGINE- PATTOM TRIVANDRUM,IMAGINE @ PATTOM,PATTOM,Anil,W5,Apple Panel,Apple,,"Cabels,watch straps,connectors,earpods,magsafe chargers",,,,,,,40,5,200,
IMAGINE- PATTOM TRIVANDRUM,IMAGINE @ PATTOM,PATTOM,Anil,W6,Apple Panel,Apple,,"Phones, Airpods, Pencil, Magic Keyboard, Watches, Magic Mouse,adaptors",,,3,5,21,,5,25,125,
IMAGINE- SOBHA CITY THRISSUR,IMAGINE @ SOBHA MALL,Thrissur,Anil,W1,Mixed Panel,"Gripp, Rivacase, Belkin",,"Bags, Surge protector",,,-,-,-,,10,1,10,
IMAGINE- SOBHA CITY THRISSUR,IMAGINE @ SOBHA MALL,Thrissur,Anil,W2,Mixed Panel,"TEKNE, Gripp, Pulse",Tekne+,"Bags, Magnetic filter, Ipad cases",,,-,-,-,,9,1,9,
IMAGINE- SOBHA CITY THRISSUR,IMAGINE @ SOBHA MALL,Thrissur,Anil,W3,Mixed Panel,"Apple, Tekne",Tekne+,iPad cases,,,-,-,-,,12,1,12,
IMAGINE- SOBHA CITY THRISSUR,IMAGINE @ SOBHA MALL,Thrissur,Anil,W4,Mixed Panel,"APPLE, Tekne, Pulse, Gripp, Panzer",Tekne+,IPHONE CASEs,Phone case,,-,-,-,,45,5,225,
IMAGINE- SOBHA CITY THRISSUR,IMAGINE @ SOBHA MALL,Thrissur,Anil,W5,Mixed Panel,"APPLE, Tekne, Pulse",Tekne+,IPHONE CASEs,Phone case,,-,-,-,,30,3,90,
IMAGINE- SOBHA CITY THRISSUR,IMAGINE @ SOBHA MALL,Thrissur,Anil,W6,Mixed Panel,"APPLE, Tekne, Pulse, Gripp, Panzer",Tekne+,"Adaptors, cables, Powerbanks, Multiport adaptors",,,,,,,44,5,220,
IMAGINE- SOBHA CITY THRISSUR,IMAGINE @ SOBHA MALL,Thrissur,Anil,W7,Apple Panel,Apple,,"IPHONES, Aipods, Pencils, Magic mouse",,,4,5,20,,-,-,-,
IMAGINE- SOBHA CITY THRISSUR,IMAGINE @ SOBHA MALL,Thrissur,Anil,W8,Apple Panel,Apple,,"Apple TV, Magsafe adaptor, Airtags",,,1,1,1,,5,1,5,
IMAGINE- WEST FORT PALACE THRISSUR,IMAGINE @ THRISSUR,Thrissur,Anil Kumar R,W1,PM,"Tucano, Gripp",,"Bags, Sleeves",,,,,,,9,2,18,
IMAGINE- WEST FORT PALACE THRISSUR,IMAGINE @ THRISSUR,Thrissur,Anil Kumar R,W1,PM,"Apple, Tekne, PanzerGlass",Tekne+,"iPad Case, Lens Protector, iPhone TG",,,,,,,18,7,126,
IMAGINE- WEST FORT PALACE THRISSUR,IMAGINE @ THRISSUR,Thrissur,Anil Kumar R,W1,PM,"Apple, Tekne, PanzerGlass",Tekne+,iPhone Case,Phone case,,,,,,30,8,240,
IMAGINE- WEST FORT PALACE THRISSUR,IMAGINE @ THRISSUR,Thrissur,Anil Kumar R,W2,PM,"Apple, Tekne, Gripp",Tekne+,"Cables, Adaptors, Power Banks, Watch Bands",,,,,,,48,8,384,
IMAGINE- WEST FORT PALACE THRISSUR,IMAGINE @ THRISSUR,Thrissur,Anil Kumar R,W2,PA,Apple,,"iPhone, Airpods, Mac Accessories",,,3,6,18,,6,2,12,
IMAGINE- WEST FORT PALACE THRISSUR,IMAGINE @ THRISSUR,Thrissur,Anil Kumar R,W2,PA,Apple,,"Apple TV, Earpods",,,1,5,5,,6,7,42,
IMAGINE- EXPRESS AVENUE CHENNAI,IMAGINE @ EXPRESS AVENUE,CHENNAI,RAMANAN,W1,PM,Apple & Tekne,Tekne+,Apple Case & Tekne Cables,Phone case,,8,36,10,,6,10,60,
IMAGINE- EXPRESS AVENUE CHENNAI,IMAGINE @ EXPRESS AVENUE,CHENNAI,RAMANAN,W1,PT,Pulse,Tekne,"Wireless,Powerbank,Cables,Adaptors",,,9,5,45,,6,5,30,
IMAGINE- EXPRESS AVENUE CHENNAI,IMAGINE @ EXPRESS AVENUE,CHENNAI,RAMANAN,W1,PT,Tekne,Tekne,Cases,Phone case,,8,8,64,,6,8,48,
IMAGINE- EXPRESS AVENUE CHENNAI,IMAGINE @ EXPRESS AVENUE,CHENNAI,RAMANAN,W2,PT,Tucano,,"Sleeves,Bag",,,5,5,25,,0,0,0,
IMAGINE- EXPRESS AVENUE CHENNAI,IMAGINE @ EXPRESS AVENUE,CHENNAI,RAMANAN,W2,PT,Gripp & Tucano,,"Sleeves,Bag",,,5,5,25,,0,0,0,
IMAGINE- EXPRESS AVENUE CHENNAI,IMAGINE @ EXPRESS AVENUE,CHENNAI,RAMANAN,W2,PM,"Panzer,Gripp",,"Panzer Case,Airpods Case,bag",,,4,10,40,,6,6,30,
IMAGINE- EXPRESS AVENUE CHENNAI,IMAGINE @ EXPRESS AVENUE,CHENNAI,RAMANAN,W2,PT,Tekne,Tekne,iPad Case Tekne,,,0,0,0,,4,5,20,
IMAGINE- EXPRESS AVENUE CHENNAI,IMAGINE @ EXPRESS AVENUE,CHENNAI,RAMANAN,W2,PM,Gripp & Panzer,Tekne+,"Cases,Tempered glass",Phone case,,0,0,0,,6,10,60,
IMAGINE- EXPRESS AVENUE CHENNAI,IMAGINE @ EXPRESS AVENUE,CHENNAI,RAMANAN,W2,PA,Apple Adaptor,,"Cables,Earphones,Airtag,Magsafe",,,0,0,0,,6,10,60,
IMAGINE- EXPRESS AVENUE CHENNAI,IMAGINE @ EXPRESS AVENUE,CHENNAI,RAMANAN,W2,PA,Apple,,"Keyboard,Mouse,Adaptor",,,3,3,9,,0,0,0,
IMAGINE- EXPRESS AVENUE CHENNAI,IMAGINE @ EXPRESS AVENUE,CHENNAI,RAMANAN,W2,PA,Apple,,"Magic Keyboard,Pencil",,,2,5,10,,0,0,0,
IMAGINE- TTK ROAD CHENNAI,IMAGINE @ TTK ROAD,CHENNAI,RAMANAN,W1,PT,TEKNE AND PULSE,Tekne,"Tekne hub and cables , Pulse adapter and cables",,,8,9,72,,72,8,576,
IMAGINE- TTK ROAD CHENNAI,IMAGINE @ TTK ROAD,CHENNAI,RAMANAN,W2,PT,"RIVACASE ,TUCANO AND PULSE",,Bags and Sleeves,,,5,3,15,,15,4,60,
IMAGINE- TTK ROAD CHENNAI,IMAGINE @ TTK ROAD,CHENNAI,RAMANAN,W3,PA,APPLE,,"ADAPTER ,CABLES AND KEYBOARD",,,10,11,110,,110,3,330,
IMAGINE- TTK ROAD CHENNAI,IMAGINE @ TTK ROAD,CHENNAI,RAMANAN,W4,PM,"APPLE,GRIPP,PAnzer AND PULSE",Tekne+,"APPLE,GRIPP AND PULSE CASES ,TG ,LENS PROTECTOR",Phone case,,8,9,72,,72,3,360,
IMAGINE- TTK ROAD CHENNAI,IMAGINE @ TTK ROAD,CHENNAI,RAMANAN,W5,PM,"APPLE ,PANZER",,"APPLE ,PANZER Cases",,,8,9,72,,72,3,360,
IMAGINE- TTK ROAD CHENNAI,IMAGINE @ TTK ROAD,CHENNAI,RAMANAN,W6,PM,"APPLE ,TEKNE",Tekne+,"APPLE ,TEKNE Cases",Phone case,,8,9,72,,72,3,360,
IMAGINE- TTK ROAD CHENNAI,IMAGINE @ TTK ROAD,CHENNAI,RAMANAN,W7,PM,"APPLE ,PANZER AND GRIPP",,"APPLE BANDS AND GRIPP AIRPODS ,PANZER WATCH CASE",,,6,8,48,,48,3,144,
IMAGINE- TTK ROAD CHENNAI,IMAGINE @ TTK ROAD,CHENNAI,RAMANAN,W8,PT,TEKNE AND GRIPP,Tekne+,TEKNE AND GRIPP CASES,Phone case,,5,5,25,,25,4,100,
IMAGINE- TTK ROAD CHENNAI,IMAGINE @ TTK ROAD,CHENNAI,RAMANAN,W9,PT,"Apple, Marshall, Ultrahuman",,"Airpods max, Marshall Speakers, ultrahuman rings",,,7,5,25,,0,0,0,
IMAGINE- NEXUS VIJAYA MALL CHENNAI,IMAGINE @ VADAPALANI,CHENNAI,RAMANAN,W1,PM,Apple Cases &Pulse,Tekne+,Apple Iphone cases & Pulse Phone Cases,Phone case,,7,21,10,,6,10,60,
IMAGINE- NEXUS VIJAYA MALL CHENNAI,IMAGINE @ VADAPALANI,CHENNAI,RAMANAN,W2,TPA,TEKNE &PULSE,Tekne,Phone cases,Phone case,,7,10,10,,6,10,60,
IMAGINE- NEXUS VIJAYA MALL CHENNAI,IMAGINE @ VADAPALANI,CHENNAI,RAMANAN,W3,TPA,TEKNE &PULSE,Tekne,"Tekne Gaget Organiser,Tekne Fast charhing cable, tekne USB-C hUB,pULSE WC& CARMOUNT",,,7,5,20,,0,0,0,
IMAGINE- NEXUS VIJAYA MALL CHENNAI,IMAGINE @ VADAPALANI,CHENNAI,RAMANAN,W4,PM,"Apple,Gripp,Pulse",,"Apple straps, Gripp watch straps & pulse watch straps",,,3,5,5,,6,4,24,
IMAGINE- NEXUS VIJAYA MALL CHENNAI,IMAGINE @ VADAPALANI,CHENNAI,RAMANAN,W5,PA,Apple,,"airpods,Apple type c adaptors,keyboard,mouse",,,6,8,48,,0,0,0,
IMAGINE- NEXUS VIJAYA MALL CHENNAI,IMAGINE @ VADAPALANI,CHENNAI,RAMANAN,W6,PA,Apple,,"ipads, Pencil,ipad KEYBOARD",,,6,3,18,,0,0,0,
IMAGINE- NEXUS VIJAYA MALL CHENNAI,IMAGINE @ VADAPALANI,CHENNAI,RAMANAN,W7,PA,APPLE,,IPHONES ALL MODELS,,,7,25,24,,0,0,0,
IMAGINE- NEXUS VIJAYA MALL CHENNAI,IMAGINE @ VADAPALANI,CHENNAI,RAMANAN,W8,TPA,"GRIPP, TUCANNO",,BAGS AND SLEEVES,,,6,5,30,,0,0,0,
IMAGINE- NEXUS VIJAYA MALL CHENNAI,IMAGINE @ VADAPALANI,CHENNAI,RAMANAN,W9,PM,"Apple,Pulse,Gripp",,"Apple Accessories,Gripp, Pulse",,,6,10,60,,6,10,60,
IMAGINE- AMPA SKYWALK CHENNAI,IMAGINE @ AMPA,Chennai,Ramanan,w1,PA,APPLE,,Adapters & Cables,,,5,8,8,,24,3,7,
IMAGINE- AMPA SKYWALK CHENNAI,IMAGINE @ AMPA,Chennai,Ramanan,w1,PT,PULSE,Tekne+,CASE,Phone case,,,8,8,,16,3,7,
IMAGINE- AMPA SKYWALK CHENNAI,IMAGINE @ AMPA,Chennai,Ramanan,W2,PA,APPLE,,CASE,Phone case,,5,7,7,,14,3,9,
IMAGINE- AMPA SKYWALK CHENNAI,IMAGINE @ AMPA,Chennai,Ramanan,W2,PT,GRIPP,Tekne+,CASE,Phone case,,,7,7,,7,5,9,
IMAGINE- AMPA SKYWALK CHENNAI,IMAGINE @ AMPA,Chennai,Ramanan,W2,PT,PULSE,Tekne+,CASE,Phone case,,,7,7,,14,3,8,
IMAGINE- AMPA SKYWALK CHENNAI,IMAGINE @ AMPA,Chennai,Ramanan,W3,PA,APPLE,,CASE,Phone case,,5,6,6,,6,1,7,
IMAGINE- AMPA SKYWALK CHENNAI,IMAGINE @ AMPA,Chennai,Ramanan,W3,PT,GRIPP,Tekne+,CASE,Phone case,,,6,6,,6,3,8,
IMAGINE- AMPA SKYWALK CHENNAI,IMAGINE @ AMPA,Chennai,Ramanan,W3,PT,PULSE,Tekne+,CASE,Phone case,,,6,6,,12,1,8,
IMAGINE- AMPA SKYWALK CHENNAI,IMAGINE @ AMPA,Chennai,Ramanan,W3,PT,PANZER,,TG,,,,6,6,,6,5,9,
IMAGINE- AMPA SKYWALK CHENNAI,IMAGINE @ AMPA,Chennai,Ramanan,W4,PA,APPLE,,CASE,Phone case,,5,6,6,,6,1,7,
IMAGINE- AMPA SKYWALK CHENNAI,IMAGINE @ AMPA,Chennai,Ramanan,W4,PT,GRIPP,Tekne+,CASE,Phone case,,,6,6,,6,3,8,
IMAGINE- AMPA SKYWALK CHENNAI,IMAGINE @ AMPA,Chennai,Ramanan,W4,PT,PULSE,Tekne+,CASE,Phone case,,,6,6,,12,1,8,
IMAGINE- AMPA SKYWALK CHENNAI,IMAGINE @ AMPA,Chennai,Ramanan,W4,PT,PANZER,,TG,,,,6,6,,6,5,9,
IMAGINE- AMPA SKYWALK CHENNAI,IMAGINE @ AMPA,Chennai,Ramanan,W5,PT,PANZER,,CAMERA LENS,,,5,6,6,,6,2,8,
IMAGINE- AMPA SKYWALK CHENNAI,IMAGINE @ AMPA,Chennai,Ramanan,W5,PT,GRIPP,,CAMERA LENS,,,,6,6,,18,2,8,
IMAGINE- AMPA SKYWALK CHENNAI,IMAGINE @ AMPA,Chennai,Ramanan,W5,PT,PULSE,,WATCH BAND,,,,6,6,,6,2,8,
IMAGINE- AMPA SKYWALK CHENNAI,IMAGINE @ AMPA,Chennai,Ramanan,W6,PA,APPLE,,APPLE TV,,,2,1,4,,-,-,-,
IMAGINE- AMPA SKYWALK CHENNAI,IMAGINE @ AMPA,Chennai,Ramanan,W6,PT,GRIPP,,CAMERA LENS,,,,8,8,,8,2,7,
IMAGINE- AMPA SKYWALK CHENNAI,IMAGINE @ AMPA,Chennai,Ramanan,W7,PA,APPLE,,IPAD CASE,,,3,4,4,,4,1,1,
IMAGINE- AMPA SKYWALK CHENNAI,IMAGINE @ AMPA,Chennai,Ramanan,W7,PT,PULSE,,IPAD CASE,,,,4,4,,4,1,1,
IMAGINE- AMPA SKYWALK CHENNAI,IMAGINE @ AMPA,Chennai,Ramanan,W7,PT,TUCANO,,IPAD TG,,,,4,4,,4,1,1,
IMAGINE- AMPA SKYWALK CHENNAI,IMAGINE @ AMPA,Chennai,Ramanan,W8,PA,APPLE,,IPAD CASE,,,3,4,4,,4,1,1,
IMAGINE- AMPA SKYWALK CHENNAI,IMAGINE @ AMPA,Chennai,Ramanan,W8,PT,PULSE,,IPAD CASE,,,,4,4,,4,1,1,
IMAGINE- AMPA SKYWALK CHENNAI,IMAGINE @ AMPA,Chennai,Ramanan,W8,PT,GRIPP,,IPAD TG,,,,4,4,,4,1,1,
IMAGINE- AMPA SKYWALK CHENNAI,IMAGINE @ AMPA,Chennai,Ramanan,W9,PT,TUCANO,,BAGS & SLEEVES,,,3,2,2,,2,3,3,
IMAGINE- AMPA SKYWALK CHENNAI,IMAGINE @ AMPA,Chennai,Ramanan,W9,PT,GRIPP,,BAGS & SLEEVES,,,,2,2,,2,3,3,
IMAGINE- AMPA SKYWALK CHENNAI,IMAGINE @ AMPA,Chennai,Ramanan,W9,PT,PULSE,,PRIVACY FILTER,,,,2,2,,2,3,3,
IMAGINE- AMPA SKYWALK CHENNAI,IMAGINE @ AMPA,Chennai,Ramanan,W10,PT,TUCANO,,BAGS & SLEEVES,,,3,2,2,,2,3,3,
IMAGINE- AMPA SKYWALK CHENNAI,IMAGINE @ AMPA,Chennai,Ramanan,W10,PT,GRIPP,,BAGS & SLEEVES,,,,2,2,,2,3,3,
IMAGINE- AMPA SKYWALK CHENNAI,IMAGINE @ AMPA,Chennai,Ramanan,W10,PT,BELKIN,,SPIKE BUSTER,,,,2,2,,2,3,3,
IMAGINE- AMPA SKYWALK CHENNAI,IMAGINE @ AMPA,Chennai,Ramanan,W11,PT,GRIPP,,CAR MOUNT,,,4,5,5,,5,2,3,
IMAGINE- AMPA SKYWALK CHENNAI,IMAGINE @ AMPA,Chennai,Ramanan,W11,PT,PULSE,,Adapters & Cables,,,,5,5,,15,3,4,
IMAGINE- AMPA SKYWALK CHENNAI,IMAGINE @ AMPA,Chennai,Ramanan,W12,PA,APPLE,,PHONES & ACCESSORIES,,,4,6,6,,-,-,-,
IMAGINE- CHROMEPET CHENNAI,IMAGINE @ CHROMEPET,CHENNAI,RAMANAN,W1,PM,"APPLE, TEKNE, PULSE, POWERUP",Tekne+,"Earphones,Airtag,Magsafe ,Wireless Powerbank,Cables,Adaptors",,,3,6,8,,2,,144,
IMAGINE- CHROMEPET CHENNAI,IMAGINE @ CHROMEPET,CHENNAI,RAMANAN,W2,PM,"APPLE, TEKNE",Tekne+,"Ipad folio, Ipad Case, Gadget Organisers",,,2,4,8,,1,,32,
IMAGINE- CHROMEPET CHENNAI,IMAGINE @ CHROMEPET,CHENNAI,RAMANAN,W3,PT,"TUCANO, RIVACASE, GRIPP",,"Bags, Macbook Hardshell",,,2,3,6,,1,,18,
IMAGINE- CHROMEPET CHENNAI,IMAGINE @ CHROMEPET,CHENNAI,RAMANAN,W4,PM,"PANZERGLASS, APPLE",,"Apple TV+, Gadget cleaner Spray",,,2,1,8,,1,,8,
IMAGINE- CHROMEPET CHENNAI,IMAGINE @ CHROMEPET,CHENNAI,RAMANAN,W5,PM,"APPLE, PULSE, TEKNE, GRIPP",Tekne+,"Apple Cases, Tekne iPhone cases, Pulse iphone Cases, Gripp Iphone cases",Phone case,,3,5,18,,2,,90,
IMAGINE- CHROMEPET CHENNAI,IMAGINE @ CHROMEPET,CHENNAI,RAMANAN,W6,PM,"APPLE, GRIPP, PANZERGLASS, AMAZING THINGS",,"Gripp iphone TG, Lens Protector & Cases, Pulse Watch Strap, Apple Watch Strap, Panzerglass TG & Lens Protectors",,,2,6,12,,2,,70,
IMAGINE- CHROMEPET CHENNAI,IMAGINE @ CHROMEPET,CHENNAI,RAMANAN,W7,PT,"PULSE, TUCANO, BELKIN, TEKNE, GRIPP",Tekne+,"MacBook Privacy Screen, Tekne Ipad Cases, Gripp iPAd TG, Sleeves, Surge Protectors",Phone case,,2,3,6,,1,,18,
IMAGINE- CHROMEPET CHENNAI,IMAGINE @ CHROMEPET,CHENNAI,RAMANAN,W8,PA,APPLE,,"Iphones, Ipad cases, Airpods, Apple pencils, Magic Keyboards, Magic Mouse, Apple Watch",Phone case,,4,5,5,,,,,
IMAGINE- PERAVALLUR CHENNAI,IMAGINE @ PERAMBUR,Chennai,Ramanan,W1,PM,Apple & Pulse,Tekne+,Apple Iphone cases & Pulse Phone Cases,Phone case,,5,12,10,,12,5,12,
IMAGINE- PERAVALLUR CHENNAI,IMAGINE @ PERAMBUR,Chennai,Ramanan,W2,PM,Apple & Grip,Tekne+,"Apple iphone cases, Grip phone cases & Grip TG",Phone case,,5,12,10,,12,6,12,
IMAGINE- PERAVALLUR CHENNAI,IMAGINE @ PERAMBUR,Chennai,Ramanan,W3,PT,Beats & Grip,,Beats BT Headphones & Grip Camera Lens Protect,,,4,6,6,,5,5,5,
IMAGINE- PERAVALLUR CHENNAI,IMAGINE @ PERAMBUR,Chennai,Ramanan,W4,PM,Apple & Pulse,,"Apple adapter, cables earphones & Pulse adapters, powerbank, & Cables",,,6,24,15,,24,5,20,
IMAGINE- PERAVALLUR CHENNAI,IMAGINE @ PERAMBUR,Chennai,Ramanan,W5,PM,"Apple, Grip & Pluse",,"Apple iPad cases, Grip iPad Cases & Pulse iPad cases",,,4,8,8,,8,1,6,
IMAGINE- PERAVALLUR CHENNAI,IMAGINE @ PERAMBUR,Chennai,Ramanan,W6,PT,"Pulse, Amazething, belkin",,"Pulse Privacy filter, belkin surge protector & Amazething mac case",,,3,5,5,,5,2,5,
IMAGINE- PERAVALLUR CHENNAI,IMAGINE @ PERAMBUR,Chennai,Ramanan,W7,PM,Apple & Pulse,,Apple Tv & Pulse spary & organiser,,,1,4,5,,4,3,4,
IMAGINE- APARNA NEO MALL HYDERABAD,IMAGINE @ APARNA MALL,hyderabad,priya,W1,PA,APPLE,,CASE,Phone case,,,,,,6,6,36,
IMAGINE- APARNA NEO MALL HYDERABAD,IMAGINE @ APARNA MALL,hyderabad,priya,W1,PA,APPLE,,CASE,Phone case,,,,,,6,6,36,
IMAGINE- APARNA NEO MALL HYDERABAD,IMAGINE @ APARNA MALL,hyderabad,priya,W1,PT,TEKNE,Tekne,CASE,Phone case,,,,,,6,5,30,
IMAGINE- APARNA NEO MALL HYDERABAD,IMAGINE @ APARNA MALL,hyderabad,priya,W1,PT,TEKNE,Tekne,CASE,Phone case,,,,,,6,5,30,
IMAGINE- APARNA NEO MALL HYDERABAD,IMAGINE @ APARNA MALL,hyderabad,priya,W1,PT,TEKNE,Tekne,TG,,,,,,,6,9,54,
IMAGINE- APARNA NEO MALL HYDERABAD,IMAGINE @ APARNA MALL,hyderabad,priya,W1,PT,TEKNE,Tekne,CASE,Phone case,,2,150,300,,,,,
IMAGINE- APARNA NEO MALL HYDERABAD,IMAGINE @ APARNA MALL,hyderabad,priya,W2,PT,APPLE,,CASE,Phone case,,,,,,6,6,36,
IMAGINE- APARNA NEO MALL HYDERABAD,IMAGINE @ APARNA MALL,hyderabad,priya,W2,PT,APPLE,,CASE,Phone case,,,,,,6,6,36,
IMAGINE- APARNA NEO MALL HYDERABAD,IMAGINE @ APARNA MALL,hyderabad,priya,W2,PT,GRIPP,Tekne+,CASE,Phone case,,,,,,6,5,30,
IMAGINE- APARNA NEO MALL HYDERABAD,IMAGINE @ APARNA MALL,hyderabad,priya,W2,PT,GRIPP,,TG,,,,,,,6,5,30,
IMAGINE- APARNA NEO MALL HYDERABAD,IMAGINE @ APARNA MALL,hyderabad,priya,W2,PT,GRIPP/ PANZER,,TG,,,,,,,6,10,60,
IMAGINE- APARNA NEO MALL HYDERABAD,IMAGINE @ APARNA MALL,hyderabad,priya,W3,PA,APPLE,,WATCH BAND,,,,,,,3,6,18,
IMAGINE- APARNA NEO MALL HYDERABAD,IMAGINE @ APARNA MALL,hyderabad,priya,W3,PT,GRIPP,,WATCH BAND,,,,,,,3,5,15,
IMAGINE- APARNA NEO MALL HYDERABAD,IMAGINE @ APARNA MALL,hyderabad,priya,W3,PT,GRIPP,,CAMERA LENS,,,2,150,300,,3,5,15,
IMAGINE- APARNA NEO MALL HYDERABAD,IMAGINE @ APARNA MALL,hyderabad,priya,W3,PT,GRIPP,,CAMERA LENS/WATCH BAND,,,5,5,25,,,,,
IMAGINE- APARNA NEO MALL HYDERABAD,IMAGINE @ APARNA MALL,hyderabad,priya,W4,PA,APPLE,,Apple Accessories,,,4,8,32,,,,,
IMAGINE- APARNA NEO MALL HYDERABAD,IMAGINE @ APARNA MALL,hyderabad,priya,W4,PA,APPLE,,IPHONE,,,2,50,100,,,,,
IMAGINE- APARNA NEO MALL HYDERABAD,IMAGINE @ APARNA MALL,hyderabad,priya,W5,PA,APPLE,,Apple Accessories,,,,,,,8,6,48,
IMAGINE- APARNA NEO MALL HYDERABAD,IMAGINE @ APARNA MALL,hyderabad,priya,W5,PA,APPLE,,Apple Accessories,,,,,,,8,6,48,
IMAGINE- APARNA NEO MALL HYDERABAD,IMAGINE @ APARNA MALL,hyderabad,priya,W5,PA,APPLE,,Apple Accessories,,,,,,,8,6,48,
IMAGINE- APARNA NEO MALL HYDERABAD,IMAGINE @ APARNA MALL,hyderabad,priya,W5,PT,TEKNE,Tekne,Adapters & Cables,,,,,,,8,5,40,
IMAGINE- APARNA NEO MALL HYDERABAD,IMAGINE @ APARNA MALL,hyderabad,priya,W5,PT,TEKNE,Tekne,Adapters & Cables,,,,,,,8,6,48,
IMAGINE- APARNA NEO MALL HYDERABAD,IMAGINE @ APARNA MALL,hyderabad,priya,W5,PT,TEKNE,Tekne,Adapters & Cables,,,2,40,80,,,,,
IMAGINE- APARNA NEO MALL HYDERABAD,IMAGINE @ APARNA MALL,hyderabad,priya,W6,PT,GRIPP,,BAGS & SLEEVES,,,,,,,3,4,12,
IMAGINE- APARNA NEO MALL HYDERABAD,IMAGINE @ APARNA MALL,hyderabad,priya,W6,PT,GRIPP,,BAGS & SLEEVES,,,,,,,3,4,12,
IMAGINE- APARNA NEO MALL HYDERABAD,IMAGINE @ APARNA MALL,hyderabad,priya,W6,PT,GRIPP,,BAGS & SLEEVES,,,,,,,3,4,12,
IMAGINE- APARNA NEO MALL HYDERABAD,IMAGINE @ APARNA MALL,hyderabad,priya,W6,PT,GRIPP,,BAGS & SLEEVES,,,2,30,60,,,,,
IMAGINE- APARNA NEO MALL HYDERABAD,IMAGINE @ APARNA MALL,hyderabad,priya,W7,PA,APPLE,,Apple Accessories,,,,,,,4,2,8,
IMAGINE- APARNA NEO MALL HYDERABAD,IMAGINE @ APARNA MALL,hyderabad,priya,W7,PT,TEKNE,Tekne,IPAD CASE,,,,,,,4,2,8,
IMAGINE- APARNA NEO MALL HYDERABAD,IMAGINE @ APARNA MALL,hyderabad,priya,W7,PT,TEKNE,Tekne,IPAD CASE,,,,,,,4,2,8,
IMAGINE- APARNA NEO MALL HYDERABAD,IMAGINE @ APARNA MALL,hyderabad,priya,W7,PT,TEKNE,Tekne,IPAD CASE,,,,,,,2,30,60,
IMAGINE- APARNA NEO MALL HYDERABAD,IMAGINE @ APARNA MALL,hyderabad,priya,W8,PA,APPLE,,APPLE TV,,,1,1,1,,,,,
IMAGINE- APARNA NEO MALL HYDERABAD,IMAGINE @ APARNA MALL,hyderabad,priya,W8,PA,APPLE,,APPLE TV,,,1,1,1,,,,,
IMAGINE- APARNA NEO MALL HYDERABAD,IMAGINE @ APARNA MALL,hyderabad,priya,W8,PT,GRIPP,,AIRPODS CASE,,,,,,,4,5,20,
IMAGINE- APARNA NEO MALL HYDERABAD,IMAGINE @ APARNA MALL,hyderabad,priya,W8,PT,GRIPP,,IPAD CASE / AIRPODS,,,2,40,,,,,,
IMAGINE- VIJETHA GOLDEN EMPIRE DILSUKHNAGAR HYDERABAD,IMAGINE @ DILSUKH NAGAR,Hyderabad,Priya,W1,PT1,TPA,Tekne+,Silicon/Laether cases,Phone case,,,,,,3,2,5,
IMAGINE- VIJETHA GOLDEN EMPIRE DILSUKHNAGAR HYDERABAD,IMAGINE @ DILSUKH NAGAR,Hyderabad,Priya,W1,PT1,TPA,,Essentials (Power bank/Wall charger/USB cable),,,,,,,3,10,10,
IMAGINE- VIJETHA GOLDEN EMPIRE DILSUKHNAGAR HYDERABAD,IMAGINE @ DILSUKH NAGAR,Hyderabad,Priya,W1,PT1,TPA,,Essentials (Power bank/Wall charger/USB cable),,,2,10,15,,,,,
IMAGINE- VIJETHA GOLDEN EMPIRE DILSUKHNAGAR HYDERABAD,IMAGINE @ DILSUKH NAGAR,Hyderabad,Priya,W1,PT2,TPA,Tekne+,Silicon/Laether cases,Phone case,,2,8,10,,3,10,10,
IMAGINE- VIJETHA GOLDEN EMPIRE DILSUKHNAGAR HYDERABAD,IMAGINE @ DILSUKH NAGAR,Hyderabad,Priya,W1,PT2,TPA,,Sleeves/Laptop bags,,,,,,,3,5,5,
IMAGINE- VIJETHA GOLDEN EMPIRE DILSUKHNAGAR HYDERABAD,IMAGINE @ DILSUKH NAGAR,Hyderabad,Priya,W1,PT2,TPA,,Sleeves/Laptop bags,,,,,,,3,5,5,
IMAGINE- VIJETHA GOLDEN EMPIRE DILSUKHNAGAR HYDERABAD,IMAGINE @ DILSUKH NAGAR,Hyderabad,Priya,W2,PA1,Apple,,Ipad cases,,,,,,,3,2,5,
IMAGINE- VIJETHA GOLDEN EMPIRE DILSUKHNAGAR HYDERABAD,IMAGINE @ DILSUKH NAGAR,Hyderabad,Priya,W2,PT3,TPA,,Ipad cases,,,2,10,10,,,,,
IMAGINE- VIJETHA GOLDEN EMPIRE DILSUKHNAGAR HYDERABAD,IMAGINE @ DILSUKH NAGAR,Hyderabad,Priya,W2,PT3,TPA,,Ipad cases,,,2,10,10,,,,,
IMAGINE- VIJETHA GOLDEN EMPIRE DILSUKHNAGAR HYDERABAD,IMAGINE @ DILSUKH NAGAR,Hyderabad,Priya,W2,PA2,Apple,,Audio,,,,,,,3,8,10,
IMAGINE- VIJETHA GOLDEN EMPIRE DILSUKHNAGAR HYDERABAD,IMAGINE @ DILSUKH NAGAR,Hyderabad,Priya,W2,PA2,Apple,,Essentials (Power bank/Wall charger/USB cable),,,,,,,3,5,5,
IMAGINE- VIJETHA GOLDEN EMPIRE DILSUKHNAGAR HYDERABAD,IMAGINE @ DILSUKH NAGAR,Hyderabad,Priya,W2,PT4,TPA,,Temered glass,,,,,,,3,15,15,
IMAGINE- VIJETHA GOLDEN EMPIRE DILSUKHNAGAR HYDERABAD,IMAGINE @ DILSUKH NAGAR,Hyderabad,Priya,W3,PT5,TPA,,Audio,,,2,15,20,,,,,
IMAGINE- VIJETHA GOLDEN EMPIRE DILSUKHNAGAR HYDERABAD,IMAGINE @ DILSUKH NAGAR,Hyderabad,Priya,W3,PA3,Apple,,Keyboards,,0.0,,,,,,,,
IMAGINE- VIJETHA GOLDEN EMPIRE DILSUKHNAGAR HYDERABAD,IMAGINE @ DILSUKH NAGAR,Hyderabad,Priya,W3,PA3,Apple,,Audio,,,,,,,3,10,10,
IMAGINE- VIJETHA GOLDEN EMPIRE DILSUKHNAGAR HYDERABAD,IMAGINE @ DILSUKH NAGAR,Hyderabad,Priya,W3,PA3,Apple,,Essentials (Power bank/Wall charger/USB cable),,,2,15,20,,,,,
IMAGINE- VIJETHA GOLDEN EMPIRE DILSUKHNAGAR HYDERABAD,IMAGINE @ DILSUKH NAGAR,Hyderabad,Priya,W4,PA4,Apple,,Essentials (Power bank/Wall charger/USB cable),,,,,,,3,5,5,
IMAGINE- VIJETHA GOLDEN EMPIRE DILSUKHNAGAR HYDERABAD,IMAGINE @ DILSUKH NAGAR,Hyderabad,Priya,W4,PM1,TPA,,Essentials (Power bank/Wall charger/USB cable),,,2,20,20,,,,,
IMAGINE- VIJETHA GOLDEN EMPIRE DILSUKHNAGAR HYDERABAD,IMAGINE @ DILSUKH NAGAR,Hyderabad,Priya,W4,PA5,Apple,,Silicon/Laether cases,Phone case,,2,10,10,,3,10,10,
IMAGINE- VIJETHA GOLDEN EMPIRE DILSUKHNAGAR HYDERABAD,IMAGINE @ DILSUKH NAGAR,Hyderabad,Priya,W4,PT6,TPA,Tekne+,Clear Cases,Phone case,,,,,,3,10,10,
IMAGINE- NEXUS MALL KUKKATPALLY HYDERABAD,IMAGINE @ FORUM SUJANA MALL,HYDERABAD,PRIYA,W1,PA & PM,APPLE / SANDISK / HYPERDRIVE / BELKIN / PULSE / TEKNE,Tekne+,APPLE TV / SANDISK SSD / HYDERDRIVE HUB / TEKNE HUB / BELKIN W/L CHARGER / PULSE W/L CHARGER,,,2,4,8,,-,-,-,
IMAGINE- NEXUS MALL KUKKATPALLY HYDERABAD,IMAGINE @ FORUM SUJANA MALL,HYDERABAD,PRIYA,W2,PA & W,APPLE / BEATS,,APPLE MAGIC KEYBOARD / MOUSE / TRACKPAD / IPHONES / AIRPODS / MAC ADAPTORS / BEATS EARBUDS,,,4,6,24,,-,-,-,
IMAGINE- NEXUS MALL KUKKATPALLY HYDERABAD,IMAGINE @ FORUM SUJANA MALL,HYDERABAD,PRIYA,W3,PA & PT,APPLE / GRIPP / PULSE / POPSOCKET / PANZER GLASS/,,APPLE AIRTAG / APPLE HUB / GRIPP WATCH BANDS / PULSE WATCH BANDS / POP SOCKET MAGSAFE HOLDER'S / PANZER WATCH BUMPERS,,,-,-,-,,30,8,240,
IMAGINE- NEXUS MALL KUKKATPALLY HYDERABAD,IMAGINE @ FORUM SUJANA MALL,HYDERABAD,PRIYA,W4,PA & PT,TEKNE / TUCANO / RIVACASE / PANZERGLASS / BELKIN,Tekne+,TEKNE ESSENTIAL KIT / TUCANO BAGS / RIVA CASE BAGS / PANZER CLEANING SOLUTION / BELKIN SURGE PROTECTOR,,,-,-,-,,9,5,45,
IMAGINE- NEXUS MALL KUKKATPALLY HYDERABAD,IMAGINE @ FORUM SUJANA MALL,HYDERABAD,PRIYA,W5,PA & PT,APPLE / TEKNE / TUCANO,Tekne+,APPLE IPAD CASES / TUCANO IPAD CASES / TEKNE IPAD CASES,,,-,-,-,,16,6,96,
IMAGINE- NEXUS MALL KUKKATPALLY HYDERABAD,IMAGINE @ FORUM SUJANA MALL,HYDERABAD,PRIYA,W6,PA & PT,APPLE / TEKNE / POWERUP / GRIPP / HYPHEN,Tekne+,APPLE ADAPTOR'S / PULSE 30W & 40W ADAPTORS / WATCH CHARGER / POWER BANK / CAR CHARGER / CASES,,,-,-,-,,35,8,280,
IMAGINE- NEXUS MALL KUKKATPALLY HYDERABAD,IMAGINE @ FORUM SUJANA MALL,HYDERABAD,PRIYA,W7,PA & PT,APPLE / GRIPP,,APPLE CASES / GRIPP CASES / GRIPP LENS PROTECTORS,,,-,-,-,,30,10,300,
IMAGINE- NEXUS MALL KUKKATPALLY HYDERABAD,IMAGINE @ FORUM SUJANA MALL,HYDERABAD,PRIYA,W8,PA & PT,APPLE / GRIPP / PANZER / PULSE / VALENTA,,APPLE 30W & 35W DUAL PORT ADAPTORS/ APPLE USB-C & LIGHTENING EARPHONES / USB-C EARPHONE JACK ADAPTOR / USB-C TO LIGHTENING CHARGING CABLE / PULSE CASES / GRIPP AIRPODS CASES / PANZER CAMERA LENS / PROTECTOR / VALENTA WALLET'S,,,-,-,-,,30,10,300,
IMAGINE- NEXUS MALL KUKKATPALLY HYDERABAD,IMAGINE @ FORUM SUJANA MALL,HYDERABAD,PRIYA,,PA & PT,APPLE / GRIPP / CARE CLEAR / TEKNE,Tekne+,APPLE CASES / GRIPP CASES / CARE CLEAR CASES / TEKNE CASES,Phone case,,-,-,-,,35,10,350,
IMAGINE- NEXUS MALL KUKKATPALLY HYDERABAD,IMAGINE @ FORUM SUJANA MALL,HYDERABAD,PRIYA,,PA & PT,APPLE / GRIPP / PANZER GLASS / TEKNE,Tekne+,APPLE CASES / GRIPP TG / PANZER TG / TEKNE CASES,Phone case,,-,-,-,,30,10,300,
IMAGINE- DB CITY MALL GWALIOR,IMAGINE @ D.B MALL,Gwalior,Srijith,W1,PA1,APPLE,,APPLE TV / Essentials (Wall charger / cable/ Earphones),,,2,2,4,,8,6,48,
IMAGINE- DB CITY MALL GWALIOR,IMAGINE @ D.B MALL,Gwalior,Srijith,W1,PA2,APPLE,,Audio / phones / Mac and Ipad Acc,,,3,15,45,,0,0,0,
IMAGINE- DB CITY MALL GWALIOR,IMAGINE @ D.B MALL,Gwalior,Srijith,W2,PM1,APPLE,,Clear Cases / Silicon / Laether cases,Phone case,,0,0,0,,12,6,72,
IMAGINE- DB CITY MALL GWALIOR,IMAGINE @ D.B MALL,Gwalior,Srijith,W2,PM1,TPA,Tekne+,Clear Cases / Silicon/ Matt cases,Phone case,,0,0,0,,18,6,108,
IMAGINE- DB CITY MALL GWALIOR,IMAGINE @ D.B MALL,Gwalior,Srijith,W2,PM2,APPLE,,Clear Cases / Silicon / Laether cases,Phone case,,0,0,0,,12,6,72,
IMAGINE- DB CITY MALL GWALIOR,IMAGINE @ D.B MALL,Gwalior,Srijith,W2,PM2,TPA,Tekne+,Clear Cases / Silicon/ Matt cases,Phone case,,0,0,0,,18,6,108,
IMAGINE- DB CITY MALL GWALIOR,IMAGINE @ D.B MALL,Gwalior,Srijith,W3,PM3,APPLE,,Watch band,,,0,0,0,,7,5,35,
IMAGINE- DB CITY MALL GWALIOR,IMAGINE @ D.B MALL,Gwalior,Srijith,W3,PM3,TPA,,Watch glass/Camera lens protector / Wall chargers / powerbanks / cables,,,0,0,0,,28,5,140,
IMAGINE- DB CITY MALL GWALIOR,IMAGINE @ D.B MALL,Gwalior,Srijith,W3,PM4,TPA,,Sleeves/Laptop bags / Hard Shells,,,0,0,0,,6,4,24,
IMAGINE- DB CITY MALL GWALIOR,IMAGINE @ D.B MALL,Gwalior,Srijith,W4,PM5,APPLE,,Ipad cases,,,0,0,0,,4,3,12,
IMAGINE- DB CITY MALL GWALIOR,IMAGINE @ D.B MALL,Gwalior,Srijith,W4,PM5,TPA,,Ipad cases / Ipad TG,,,0,0,0,,8,4,32,
IMAGINE- DB CITY MALL GWALIOR,IMAGINE @ D.B MALL,Gwalior,Srijith,W4,PM6,APPLE,,Essentials (Wall charger /cable / pencil tips /mac hub ),,,0,0,0,,21,5,105,
IMAGINE- DB CITY MALL GWALIOR,IMAGINE @ D.B MALL,Gwalior,Srijith,W4,PM6,TPA,,(Wall charger /cable / pencil tips /mac hub ),,,0,0,0,,14,4,56,
IMAGINE- MALL DE GOA PORVORIM,IMAGINE @ MALL DE GOA,Porvorim,Srijith,W1,Apple Panel,Apple,,Apple Case,Phone case,,,,,,12,1,60,
IMAGINE- MALL DE GOA PORVORIM,IMAGINE @ MALL DE GOA,Porvorim,Srijith,W1,Mixed Panel,Tekne/Panzer,Tekne+,Tekne Case/Panzer TG,,,,,,,18,3,90,
IMAGINE- MALL DE GOA PORVORIM,IMAGINE @ MALL DE GOA,Porvorim,Srijith,W2,Apple Panel,Apple,,Apple Accessories,,,,,,,24,4,120,
IMAGINE- MALL DE GOA PORVORIM,IMAGINE @ MALL DE GOA,Porvorim,Srijith,W2,TPA Panel,Tekne,Tekne,"Power Adapter,Cable,Organiser,Multiport UCB-C Hub",,,,,,,21,4,105,
IMAGINE- MALL DE GOA PORVORIM,IMAGINE @ MALL DE GOA,Porvorim,Srijith,W3,Apple Panel,Apple,,"MagicMouse,Keyboard,Airpod,Trackpad",,,3,10,70,,,,,
IMAGINE- MALL DE GOA PORVORIM,IMAGINE @ MALL DE GOA,Porvorim,Srijith,W4,Apple Panel,Apple,,"Apple TV, Apple Accessories",,,1,3,6,,,,,
IMAGINE- MALL DE GOA PORVORIM,IMAGINE @ MALL DE GOA,Porvorim,Srijith,W4,Apple Panel,Apple,,Apple Accessories,,,,,,,6,2,30,
IMAGINE- MALL DE GOA PORVORIM,IMAGINE @ MALL DE GOA,Porvorim,Srijith,W5,Apple Panel,Apple,,Apple Accessories,,,,,,,21,2,105,
IMAGINE- MALL DE GOA PORVORIM,IMAGINE @ MALL DE GOA,Porvorim,Srijith,W5,TPA Panel,Tekne,Tekne,"Power Adapter,Phone Car Mount,Wireless Charger",,,,,,,20,3,60,
IMAGINE- MALL DE GOA PORVORIM,IMAGINE @ MALL DE GOA,Porvorim,Srijith,W6,TPA Panel,Tekne,Tekne,iPad Cases,,,,,,,12,2,36,
IMAGINE- MALL DE GOA PORVORIM,IMAGINE @ MALL DE GOA,Porvorim,Srijith,W7,Mixed Panel,Pulse/Gripp/Tucano/Revacase,,"Privacy Filter,Sleeve and bag",,,,,,,9,2,48,
IMAGINE- MALL DE GOA PORVORIM,IMAGINE @ MALL DE GOA,Porvorim,Srijith,W8,Apple Panel,Apple,,Apple Watch Band,,,,,,,4,1,20,
IMAGINE- MALL DE GOA PORVORIM,IMAGINE @ MALL DE GOA,Porvorim,Porvorim,W8,Mixed Panel,Gripp/Belkin/PowerUp,,"Gripp Watch Strao,Card Mount,Power Bank",,,,,,,12,3,48,
