product_name                                                                            ,frequency ,subcategory                    ,brand        ,category          ,width ,depth ,height
AT Smoothie Mag Magnetic Band For IWatch 49/45/41MM -79280-Gray/Blue                    ,     13   ,45/41MM                        ,AmazingThing ,Straps            ,    6 ,    2 ,    20
AT Smoothie Mag Magnetic Band For IWatch 49/45/41MM-79273- Black/Orange                 ,     20   ,45/41MM                        ,AmazingThing ,Straps            ,    6 ,    2 ,    20
AT Titan Metal Strap 41mm-77217-Black                                                   ,      6   ,41mm                           ,AmazingThing ,Straps            ,    6 ,    2 ,    20
AT Titan Metal Strap 49/45mm-77279- Black                                               ,      8.5 ,49/45mm                        ,AmazingThing ,Straps            ,    6 ,    2 ,    20
AT Titan Metal Strap 49/45mm-77286- Silver                                              ,     10   ,49/45mm                        ,AmazingThing ,Straps            ,    6 ,    2 ,    20
AT Titan Metal Strap for Apple Watch 41mm-77224-Silver                                  ,      4   ,41mm                           ,AmazingThing ,Straps            ,    6 ,    2 ,    20
AT Titan Sports Strap for Apple Watch 49mm-77668-Purple                                 ,      9   ,49mm                           ,AmazingThing ,Straps            ,    6 ,    2 ,    20
AT Titan Sports Strap for Apple Watch 49mm-77682-Grey                                   ,      9   ,49mm                           ,AmazingThing ,Straps            ,    6 ,    2 ,    20
AT Titan Steel iwatch Strap for 49/45mm-82433-BLACK                                     ,      6   ,49/45mm                        ,AmazingThing ,Straps            ,    6 ,    2 ,    20
AT Titan Steel iwatch Strap for 49/45mm-82440-SILVER                                    ,      4   ,49/45mm                        ,AmazingThing ,Straps            ,    6 ,    2 ,    20
AT Titan sports strap for apple wach 49mm-77675-Black                                   ,      5   ,49mm                           ,AmazingThing ,Straps            ,    6 ,    2 ,    20
Devia SPORTS BAND 44MM/42MM (BLUE HORIZON )                                             ,      2   ,"44MM, 42MM"                   ,Devia        ,Straps            ,    6 ,    2 ,    20
Devia STAINLESS STEEL LOOP 44MM/42MM (GOLDEN)                                           ,      1   ,"44MM, 42MM"                   ,Devia        ,Straps            ,    6 ,    2 ,    20
Gripp 38/40mm stainless steel watch strap - Black                                       ,     66   ,38/40mm                        ,Gripp        ,Straps            ,    6 ,    2 ,    20
Gripp 38/40mm stainless steel watch strap - Gold                                        ,     78.5 ,38/40mm                        ,Gripp        ,Straps            ,    6 ,    2 ,    20
Gripp 38/40mm stainless steel watch strap - Rose Gold                                   ,     59.5 ,38/40mm                        ,Gripp        ,Straps            ,    6 ,    2 ,    20
Gripp 38/40mm stainless steel watch strap - Silver                                      ,     76.5 ,38/40mm                        ,Gripp        ,Straps            ,    6 ,    2 ,    20
Gripp 40/41mm TUTONE watch strap - Grey/Black                                           ,      4.5 ,40/41mm                        ,Gripp        ,Straps            ,    6 ,    2 ,    20
Gripp 40/41mm TUTONE watch strap - Light Green/Olive                                    ,      1   ,40/41mm                        ,Gripp        ,Straps            ,    6 ,    2 ,    20
Gripp 40/41mm TUTONE watch strap - Mavau Pink                                           ,      1   ,40/41mm                        ,Gripp        ,Straps            ,    6 ,    2 ,    20
Gripp 40/41mm TUTONE watch strap - Pink/White                                           ,      1   ,40/41mm                        ,Gripp        ,Straps            ,    6 ,    2 ,    20
Gripp 40/42/44mm stainless steel watch strap - Black                                    ,    140.5 ,42/44mm                        ,Gripp        ,Straps            ,    6 ,    2 ,    20
Gripp 40/42/44mm stainless steel watch strap - Silver                                   ,     89   ,42/44mm                        ,Gripp        ,Straps            ,    6 ,    2 ,    20
Gripp 41mm MALLEABLE watch strap - Black                                                ,     11.5 ,41mm                           ,Gripp        ,Straps            ,    6 ,    2 ,    20
Gripp 41mm REVERSER watch strap - Camel/Black                                           ,      7   ,41mm                           ,Gripp        ,Straps            ,    6 ,    2 ,    20
Gripp 41mm REVERSER watch strap - Green/Blue                                            ,      3   ,41mm                           ,Gripp        ,Straps            ,    6 ,    2 ,    20
Gripp 41mm REVERSER watch strap - Grey/Black                                            ,     43   ,41mm                           ,Gripp        ,Straps            ,    6 ,    2 ,    20
Gripp 41mm REVERSER watch strap - Wine Red/Red                                          ,     29   ,41mm                           ,Gripp        ,Straps            ,    6 ,    2 ,    20
Gripp 42/44/45mm MALLEABLE watch strap - Black                                          ,     61.5 ,44/45mm                        ,Gripp        ,Straps            ,    6 ,    2 ,    20
Gripp 42/44/45mm MALLEABLE watch strap - Silver                                         ,     56   ,44/45mm                        ,Gripp        ,Straps            ,    6 ,    2 ,    20
Gripp 42/44/45mm REVERSER watch strap - Camel/Blac                                      ,     70   ,44/45mm                        ,Gripp        ,Straps            ,    6 ,    2 ,    20
Gripp 42/44/45mm REVERSER watch strap - Green/Blue                                      ,     29.5 ,44/45mm                        ,Gripp        ,Straps            ,    6 ,    2 ,    20
Gripp 42/44/45mm REVERSER watch strap - Grey/Black                                      ,     65.5 ,44/45mm                        ,Gripp        ,Straps            ,    6 ,    2 ,    20
Gripp 42/44/45mm REVERSER watch strap - Pink/White                                      ,     35.5 ,44/45mm                        ,Gripp        ,Straps            ,    6 ,    2 ,    20
Gripp 42/44/45mm REVERSER watch strap - Wine Red/Red                                    ,     28.5 ,44/45mm                        ,Gripp        ,Straps            ,    6 ,    2 ,    20
Gripp 42/44/45mm stainless steel watch strap - Green                                    ,     20.5 ,44/45mm                        ,Gripp        ,Straps            ,    6 ,    2 ,    20
Gripp 42/44mm stainless steel Metal watch strap - Gold                                  ,     60.5 ,42/44mm                        ,Gripp        ,Straps            ,    6 ,    2 ,    20
Gripp 42/44mm stainless steel Metal watch strap - Rose Gold                             ,     69.5 ,42/44mm                        ,Gripp        ,Straps            ,    6 ,    2 ,    20
Gripp 45/49mm BRUT watch strap - Beige/Yellow                                           ,     37   ,45/49mm                        ,Gripp        ,Straps            ,    6 ,    2 ,    20
Gripp 45/49mm BRUT watch strap - Blue/Grey                                              ,     34   ,45/49mm                        ,Gripp        ,Straps            ,    6 ,    2 ,    20
Gripp 45/49mm BRUT watch strap - Grey/Black                                             ,     77   ,45/49mm                        ,Gripp        ,Straps            ,    6 ,    2 ,    20
Gripp 45/49mm Dual REVERSER watch strap - Black/Orange                                  ,     45.5 ,45/49mm                        ,Gripp        ,Straps            ,    6 ,    2 ,    20
Gripp 45/49mm Dual REVERSER watch strap - Black/Yellow                                  ,     25.5 ,45/49mm                        ,Gripp        ,Straps            ,    6 ,    2 ,    20
Gripp 45/49mm Dual REVERSER watch strap - Dark Blue/Light Blue                          ,     36   ,45/49mm                        ,Gripp        ,Straps            ,    6 ,    2 ,    20
Gripp 45/49mm Dual REVERSER watch strap - Grey/Orange                                   ,     41   ,45/49mm                        ,Gripp        ,Straps            ,    6 ,    2 ,    20
Gripp 45/49mm Dual REVERSER watch strap - Military Green/Parrot Green                   ,     16   ,45/49mm                        ,Gripp        ,Straps            ,    6 ,    2 ,    20
Gripp 45/49mm GLEN watch strap - Black                                                  ,     97   ,45/49mm                        ,Gripp        ,Straps            ,    6 ,    2 ,    20
Gripp 45/49mm GLEN watch strap - Blue                                                   ,     59   ,45/49mm                        ,Gripp        ,Straps            ,    6 ,    2 ,    20
Gripp 45/49mm GLEN watch strap - Green                                                  ,      4   ,45/49mm                        ,Gripp        ,Straps            ,    6 ,    2 ,    20
Gripp 45/49mm GLEN watch strap - Grey                                                   ,      3   ,45/49mm                        ,Gripp        ,Straps            ,    6 ,    2 ,    20
Gripp 45/49mm GLEN watch strap - Orange                                                 ,      3   ,45/49mm                        ,Gripp        ,Straps            ,    6 ,    2 ,    20
Gripp 45/49mm GLEN watch strap - Purple                                                 ,     46.5 ,45/49mm                        ,Gripp        ,Straps            ,    6 ,    2 ,    20
Gripp 45/49mm GLEN watch strap - White                                                  ,      2   ,45/49mm                        ,Gripp        ,Straps            ,    6 ,    2 ,    20
Gripp 45/49mm SOLO watch strap - Black                                                  ,     56   ,45/49mm                        ,Gripp        ,Straps            ,    6 ,    2 ,    20
Gripp 45/49mm SOLO watch strap - Brown                                                  ,     22   ,45/49mm                        ,Gripp        ,Straps            ,    6 ,    2 ,    20
Gripp 45/49mm SOLO watch strap - Coastal Ash                                            ,     25   ,45/49mm                        ,Gripp        ,Straps            ,    6 ,    2 ,    20
Gripp 45/49mm SOLO watch strap - Grey                                                   ,     37.5 ,45/49mm                        ,Gripp        ,Straps            ,    6 ,    2 ,    20
Gripp 45/49mm SOLO watch strap - Orange                                                 ,      3   ,45/49mm                        ,Gripp        ,Straps            ,    6 ,    2 ,    20
Gripp 45/49mm SOLO watch strap - White                                                  ,      3   ,45/49mm                        ,Gripp        ,Straps            ,    6 ,    2 ,    20
Gripp 45/49mm TUTONE watch strap - Black/Grey                                           ,      1   ,45/49mm                        ,Gripp        ,Straps            ,    6 ,    2 ,    20
Gripp 45/49mm TUTONE watch strap - Black/Red                                            ,      1   ,45/49mm                        ,Gripp        ,Straps            ,    6 ,    2 ,    20
Gripp 45/49mm TUTONE watch strap - Blue/Red                                             ,      1   ,45/49mm                        ,Gripp        ,Straps            ,    6 ,    2 ,    20
Gripp 45/49mm TUTONE watch strap - Green/Black                                          ,      4   ,45/49mm                        ,Gripp        ,Straps            ,    6 ,    2 ,    20
Gripp 45/49mm TUTONE watch strap - Grey/Black                                           ,      7   ,45/49mm                        ,Gripp        ,Straps            ,    6 ,    2 ,    20
Gripp Defence 41mm Watch Bumper - Black                                                 ,     50.5 ,41mm                           ,Gripp        ,Bumper            ,    6 ,    2 ,    20
Gripp Defence 41mm Watch Bumper - Blue                                                  ,     35   ,41mm                           ,Gripp        ,Bumper            ,    6 ,    2 ,    20
Gripp Defence 41mm Watch Bumper - Green                                                 ,      3   ,41mm                           ,Gripp        ,Bumper            ,    6 ,    2 ,    20
Gripp Defence 45mm Watch Bumper - Black                                                 ,    137.5 ,45mm                           ,Gripp        ,Bumper            ,    6 ,    2 ,    20
Gripp Defence 45mm Watch Bumper - Blue                                                  ,    106   ,45mm                           ,Gripp        ,Bumper            ,    6 ,    2 ,    20
Gripp Defence 45mm Watch Bumper - Green                                                 ,     30   ,45mm                           ,Gripp        ,Bumper            ,    6 ,    2 ,    20
Gripp Defence 49mm Watch Bumper - Black                                                 ,     13   ,49mm                           ,Gripp        ,Bumper            ,    6 ,    2 ,    20
Gripp Defence 49mm Watch Bumper - Grey                                                  ,     16.5 ,49mm                           ,Gripp        ,Bumper            ,    6 ,    2 ,    20
Gripp Defence 49mm Watch Bumper - Transparent                                           ,     39.5 ,49mm                           ,Gripp        ,Bumper            ,    6 ,    2 ,    20
IN-LINE WIRELESS CHARGERFOR WATCH                                                       ,    407.5 ,Watch charger                  ,Pulse        ,Watch charger     ,    6 ,    2 ,    20
L-AWL-LP-BK LINKS PETITE for Apple Watch 49/45/44/42mm - Black  4895206932103           ,      2   ,44/42mm                        ,Laut         ,Straps            ,    6 ,    2 ,    20
L-AWL-LP-SL LINKS PETITE for Apple Watch 49/45/44/42mm- Silver  4895206932127           ,      2   ,44/42mm                        ,Laut         ,Straps            ,    6 ,    2 ,    20
LAUT AWL ST BK Steel Loop for Apple IOS Watch strap 49 45 44 42mm  Black  4895206905961 ,      8   ,42mm                           ,Laut         ,Straps            ,    6 ,    2 ,    20
LAUT AWL ST GD Steel Loop for Apple IOS Watch 49 45 44 42mm   Gold  4895206914758       ,      7   ,42mm                           ,Laut         ,Straps            ,    6 ,    2 ,    20
LAUT AWL ST SL Steel Loop for Apple IOS Watch 49 45 44 42mm  Silver  4895206905978      ,      8   ,42mm                           ,Laut         ,Straps            ,    6 ,    2 ,    20
Native Union CLASSIC STRAPS FOR APPLE WATCH 40MM-BLACK                                  ,      2   ,40MM                           ,Native Union ,Straps            ,    6 ,    2 ,    20
Native Union CLASSIC STRAPS FOR APPLE WATCH 40MM-TAN                                    ,      4   ,40MM                           ,Native Union ,Straps            ,    6 ,    2 ,    20
Native Union CLASSIC STRAPS FOR APPLE WATCH 44MM-BLACK                                  ,      7   ,44MM                           ,Native Union ,Straps            ,    6 ,    2 ,    20
Native Union CLASSIC STRAPS FOR APPLE WATCH 44MM-SAGE                                   ,      2   ,44MM                           ,Native Union ,Straps            ,    6 ,    2 ,    20
Native Union CLASSIC STRAPS FOR APPLE WATCH 44MM-TAN                                    ,      3   ,44MM                           ,Native Union ,Straps            ,    6 ,    2 ,    20
Panzer Watch Series 7  41 mm  Black AB                                                  ,      5   ,41mm                           ,PanzerGlass  ,Watch glass       ,    6 ,    2 ,    20
Panzer Watch Series 7  41 mm  ClearAB                                                   ,      2   ,41mm                           ,PanzerGlass  ,Watch glass       ,    6 ,    2 ,    20
Panzer Watch Series 7  45 mm  ClearAB                                                   ,      6   ,45mm                           ,PanzerGlass  ,Watch glass       ,    6 ,    2 ,    20
Panzer Watch Series 8  49 mm Full Body - Black                                          ,     14   ,49mm                           ,PanzerGlass  ,Bumper            ,    6 ,    2 ,    20
Panzer Watch Series 8  49 mm Full Body - Clear                                          ,     30   ,49mm                           ,PanzerGlass  ,Bumper            ,    6 ,    2 ,    20
PanzerGlass Apple watch Series 4/5/6/ SE 40mm Black AB                                  ,      2   ,40mm                           ,PanzerGlass  ,Watch glass       ,    6 ,    2 ,    20
PanzerGlass Apple watch Series 4/5/6/ SE 44mm Black AB                                  ,      5   ,44mm                           ,PanzerGlass  ,Watch glass       ,    6 ,    2 ,    20
PanzerGlass Full Body Apple Watch 4/5/6/SE (40 mm) - Black AB                           ,      4   ,40mm                           ,PanzerGlass  ,Bumper            ,    6 ,    2 ,    20
PanzerGlass Full Body Apple Watch 4/5/6/SE (44 mm) - Black AB                           ,     10   ,44mm                           ,PanzerGlass  ,Bumper            ,    6 ,    2 ,    20
PanzerGlass Full Body Apple Watch 4/5/6/SE (44 mm) - Clear AB                           ,      6   ,44mm                           ,PanzerGlass  ,Bumper            ,    6 ,    2 ,    20
PanzerGlass Matrix on Demand For Watch                                                  ,     94   ,Watch glass                    ,PanzerGlass  ,Watch glass       ,    6 ,    2 ,    20
PanzerGlass Watch Full Body 2023 - Big - Clear with D3OÂ®                               ,      9   ,Bumper                         ,PanzerGlass  ,Bumper            ,    6 ,    2 ,    20
PanzerGlass Watch Full Body 2023 - Ultra - Clear with D3OÂ®                             ,     17   ,Bumper                         ,PanzerGlass  ,Bumper            ,    6 ,    2 ,    20
Pulse magnetic silicon Apple watch band  BLACK RED                                      ,    254   ,Straps                         ,Pulse        ,Straps            ,    6 ,    2 ,    20
Pulse magnetic silicon Apple watch band  BLUE DARK BLUE                                 ,    156   ,Straps                         ,Pulse        ,Straps            ,    6 ,    2 ,    20
Pulse magnetic silicon Apple watch band  CLOULD GRAY DEEP                               ,    175.5 ,Straps                         ,Pulse        ,Straps            ,    6 ,    2 ,    20
Pulse magnetic silicon Apple watch band  ORANGE PINK                                    ,    104   ,Straps                         ,Pulse        ,Straps            ,    6 ,    2 ,    20
Pulse magnetic silicon Apple watch band  STARLING OLIVE GREEN                           ,    230.5 ,Straps                         ,Pulse        ,Straps            ,    6 ,    2 ,    20
TOTEM Apple Watch Active band Black - 45mm                                              ,      1.5 ,45mm                           ,TOTEM        ,Straps            ,    6 ,    2 ,    20
TOTEM Apple Watch Active band Lunar Gray - 45mm                                         ,      2   ,45mm                           ,TOTEM        ,Straps            ,    6 ,    2 ,    20
Titan Weave II For Watch 49mm-77408-Purple                                              ,      8   ,49mm                           ,AmazingThing ,Straps            ,    6 ,    2 ,    20
Titan Weave II For Watch 49mm-77415-Dark Green                                          ,     11   ,49mm                           ,AmazingThing ,Straps            ,    6 ,    2 ,    20
Titan Weave II For Watch 49mm-77422-Grey                                                ,      9   ,49mm                           ,AmazingThing ,Straps            ,    6 ,    2 ,    20
38MM MN BLUE SPORT W/SST                                                                ,      1   ,38mm                           ,Apple        ,Straps     ,    6 ,    2 ,    20
38MM RED WOVEN WRLS                                                                     ,      1   ,38mm                           ,Apple        ,Straps     ,    6 ,    2 ,    20
38MM TAHOE BLUE WOVEN WRLS demo                                                         ,      1   ,38mm                           ,Apple        ,Straps     ,    6 ,    2 ,    20
38mm Pure Platinum/Black Nike Sport Band (Demo)                                         ,      4   ,38mm                           ,Apple        ,Straps     ,    6 ,    2 ,    20
38mm White Sport Band (Demo - Try On)                                                   ,      1   ,38mm                           ,Apple        ,Straps     ,    6 ,    2 ,    20
40MM ANTER/BLK NYK SB  Demo                                                             ,      1   ,40mm                           ,Apple        ,Straps     ,    6 ,    2 ,    20
40MM SPEARMINT SPORT LOOP                                                               ,      1   ,40mm                           ,Apple        ,Straps     ,    6 ,    2 ,    20
40mm Black Unity Sport Band   S M                                                       ,      1   ,41mm                           ,Apple        ,Straps     ,    6 ,    2 ,    20
40mm Blue Cloud Sport Loop                                                              ,      1   ,40mm                           ,Apple        ,Straps     ,    6 ,    2 ,    20
40mm Ink Sport Loop                                                                     ,      1   ,40mm                           ,Apple        ,Straps     ,    6 ,    2 ,    20
40mm Lake Green Sport Loop                                                              ,      1   ,40mm                           ,Apple        ,Straps     ,    6 ,    2 ,    20
40mm Pine Green Sport Band - S/M & M/L                                                  ,      1   ,40mm                           ,Apple        ,Straps     ,    6 ,    2 ,    20
40mm Pink Sand Sport Band - S/M & M/L (Demo)                                            ,      4   ,40mm                           ,Apple        ,Straps     ,    6 ,    2 ,    20
40mm Seashell Sport Loop                                                                ,      1   ,40mm                           ,Apple        ,Straps     ,    6 ,    2 ,    20
40mm White Sport Band - S/M   M/L  Demo                                                 ,      4   ,40mm                           ,Apple        ,Straps     ,    6 ,    2 ,    20
41mm  PRODUCT RED Sport Band   M L                                                      ,      1   ,41mm                           ,Apple        ,Straps     ,    6 ,    2 ,    20
41mm  PRODUCT RED Sport Band - S/M                                                      ,      1   ,41mm                           ,Apple        ,Straps     ,    6 ,    2 ,    20
41mm Black Black Nike Sport Band                                                        ,      2   ,41mm                           ,Apple        ,Straps     ,    6 ,    2 ,    20
41mm Black Summit White Nike Sport Loop                                                 ,      2   ,41mm                           ,Apple        ,Straps     ,    6 ,    2 ,    20
41mm Blue Flame Nike Sport Band   S M                                                   ,      2   ,41mm                           ,Apple        ,Straps     ,    6 ,    2 ,    20
41mm Bright Crimson/Gym Red Nike Sport Band                                             ,      2   ,41mm                           ,Apple        ,Straps     ,    6 ,    2 ,    20
41mm Bright Orange Sport Band                                                           ,      3   ,41mm                           ,Apple        ,Straps     ,    6 ,    2 ,    20
41mm Cargo Khaki Nike Sport Band   S M                                                  ,      2   ,41mm                           ,Apple        ,Straps     ,    6 ,    2 ,    20
41mm Clay Sport Band   M L                                                              ,      5   ,41mm                           ,Apple        ,Straps     ,    6 ,    2 ,    20
41mm Desert Stone Nike Sport Band   S M                                                 ,      2   ,41mm                           ,Apple        ,Straps     ,    6 ,    2 ,    20
41mm Game Royal Midnight Navy Nike Sport Loop                                           ,      1   ,41mm                           ,Apple        ,Straps     ,    6 ,    2 ,    20
41mm Ink Leather Link - M/L                                                             ,      1   ,41mm                           ,Apple        ,Straps     ,    6 ,    2 ,    20
41mm Ink Leather Link - S/M                                                             ,      2   ,41mm                           ,Apple        ,Straps     ,    6 ,    2 ,    20
41mm Light Blue Sport Band - M/L                                                        ,      1   ,41mm                           ,Apple        ,Straps     ,    6 ,    2 ,    20
41mm Midnight Sky Nike Sport Band - S/M                                                 ,      1   ,41mm                           ,Apple        ,Straps     ,    6 ,    2 ,    20
41mm Midnight Sport Band   M L                                                          ,      5   ,41mm                           ,Apple        ,Straps     ,    6 ,    2 ,    20
41mm Midnight Sport Band   S M                                                          ,      9.5 ,41mm                           ,Apple        ,Straps     ,    6 ,    2 ,    20
41mm Mulberry Sport Band   M L                                                          ,      3   ,41mm                           ,Apple        ,Straps     ,    6 ,    2 ,    20
41mm Olive Grey Black Nike Sport Band                                                   ,      1   ,41mm                           ,Apple        ,Straps     ,    6 ,    2 ,    20
41mm Olive Sport Band                                                                   ,      2   ,41mm                           ,Apple        ,Straps     ,    6 ,    2 ,    20
41mm Pure Platinum Nike Sport Band - S/M                                                ,      1   ,41mm                           ,Apple        ,Straps     ,    6 ,    2 ,    20
41mm Slate Blue Sport Band                                                              ,      3   ,41mm                           ,Apple        ,Straps     ,    6 ,    2 ,    20
41mm Starlight Sport Band   M L                                                         ,      3   ,41mm                           ,Apple        ,Straps     ,    6 ,    2 ,    20
41mm Starlight Sport Band - S/M                                                         ,      9   ,41mm                           ,Apple        ,Straps     ,    6 ,    2 ,    20
41mm Storm Blue Sport Band - S/M                                                        ,     12   ,41mm                           ,Apple        ,Straps     ,    6 ,    2 ,    20
41mm Storm Blue Sport Loop                                                              ,      1   ,41mm                           ,Apple        ,Straps     ,    6 ,    2 ,    20
41mm Succulent Sport Band                                                               ,      1   ,41mm                           ,Apple        ,Straps     ,    6 ,    2 ,    20
41mm Umber Leather Link - M/L                                                           ,      1   ,41mm                           ,Apple        ,Straps     ,    6 ,    2 ,    20
41mm Umber Leather Link - S/M                                                           ,      1   ,41mm                           ,Apple        ,Straps     ,    6 ,    2 ,    20
41mm White Sport Band                                                                   ,      1   ,41mm                           ,Apple        ,Straps     ,    6 ,    2 ,    20
41mm Winter Blue Sport Band   M L                                                       ,      3   ,41mm                           ,Apple        ,Straps     ,    6 ,    2 ,    20
41mm Winter Blue Sport Band - S/M                                                       ,      2   ,41mm                           ,Apple        ,Straps     ,    6 ,    2 ,    20
42mm Black Sport Band - S/M                                                             ,      2   ,42mm                           ,Apple        ,Straps     ,    6 ,    2 ,    20
42mm Black Sport Band with Space Black Pin - S/M & M/L (Demo - Try On)                  ,      1   ,42mm                           ,Apple        ,Straps     ,    6 ,    2 ,    20
42mm Ink Sport Loop                                                                     ,      1   ,42mm                           ,Apple        ,Straps     ,    6 ,    2 ,    20
42mm Lake Green Sport Band - S/M                                                        ,      2   ,42mm                           ,Apple        ,Straps     ,    6 ,    2 ,    20
42mm Lake Green Sport Loop                                                              ,      1   ,42mm                           ,Apple        ,Straps     ,    6 ,    2 ,    20
42mm Plum Sport Band - S/M                                                              ,      2   ,42mm                           ,Apple        ,Straps     ,    6 ,    2 ,    20
42mm Plum Sport Loop                                                                    ,      2   ,42mm                           ,Apple        ,Straps     ,    6 ,    2 ,    20
42mm Ultramarine Sport Loop                                                             ,      1   ,42mm                           ,Apple        ,Straps     ,    6 ,    2 ,    20
44MM BLUE HORIZON SPORT BAND                                                            ,      1   ,44mm                           ,Apple        ,Straps     ,    6 ,    2 ,    20
44mm Anthracite/Black Nike Sport Band                                                   ,      1   ,44mm                           ,Apple        ,Straps     ,    6 ,    2 ,    20
44mm Black Sport Band - S/M & M/L (Demo)                                                ,      2   ,44mm                           ,Apple        ,Straps     ,    6 ,    2 ,    20
44mm Inverness Green Sport Loop                                                         ,      3   ,44mm                           ,Apple        ,Straps     ,    6 ,    2 ,    20
44mm Mallard Green Sport Band  B455                                                     ,      2   ,45mm                           ,Apple        ,Straps     ,    6 ,    2 ,    20
44mm Mellow Yellow SportB                                                               ,      1   ,44mm                           ,Apple        ,Straps     ,    6 ,    2 ,    20
45mm (PRODUCT)RED Sport Band                                                            ,      4   ,45mm                           ,Apple        ,Straps     ,    6 ,    2 ,    20
45mm (PRODUCT)RED Sport Loop                                                            ,      1   ,45mm                           ,Apple        ,Straps     ,    6 ,    2 ,    20
45mm Black/Blue Nike Sport Loop  B628                                                   ,      2   ,                               ,Apple        ,Straps     ,    6 ,    2 ,    20
45mm Blue Fog Sport Band - Regular                                                      ,      2   ,45mm                           ,Apple        ,Straps     ,    6 ,    2 ,    20
45mm Bright Crimson/Gym Red Nike Sport Band                                             ,      1   ,45mm                           ,Apple        ,Straps     ,    6 ,    2 ,    20
45mm Bright Orange Sport Band                                                           ,      7   ,45mm                           ,Apple        ,Straps     ,    6 ,    2 ,    20
45mm Clay Sport Band   S M                                                              ,      1   ,41mm                           ,Apple        ,Straps     ,    6 ,    2 ,    20
45mm Elderberry Sport Band                                                              ,      1   ,45mm                           ,Apple        ,Straps     ,    6 ,    2 ,    20
45mm Elderberry Sport Loop                                                              ,      1   ,45mm                           ,Apple        ,Straps     ,    6 ,    2 ,    20
45mm Game Royal/Midnight Navy Nike Sport Loop                                           ,      1   ,45mm                           ,Apple        ,Straps     ,    6 ,    2 ,    20
45mm Light Blue Sport Band - M/L                                                        ,      2   ,45mm                           ,Apple        ,Straps     ,    6 ,    2 ,    20
45mm Light Pink Sport Loop  B610                                                        ,      3   ,45mm                           ,Apple        ,Straps     ,    6 ,    2 ,    20
45mm Midnight Sport Band   M L                                                          ,     39   ,45mm                           ,Apple        ,Straps     ,    6 ,    2 ,    20
45mm Midnight Sport Band   S M                                                          ,     20   ,41mm                           ,Apple        ,Straps     ,    6 ,    2 ,    20
45mm Midnight Sport Loop                                                                ,     11   ,45mm                           ,Apple        ,Straps     ,    6 ,    2 ,    20
45mm Midnight Sport Loop - Extra Large                                                  ,      1   ,45mm                           ,Apple        ,Straps     ,    6 ,    2 ,    20
45mm Oat Milk/Lemon Zest Sport Loop                                                     ,      1   ,45mm                           ,Apple        ,Straps     ,    6 ,    2 ,    20
45mm Ocean Blue Sport Loop                                                              ,      3   ,45mm                           ,Apple        ,Straps     ,    6 ,    2 ,    20
45mm Olive Grey/Black Nike Sport Band                                                   ,      2   ,45mm                           ,Apple        ,Straps     ,    6 ,    2 ,    20
45mm Olive Sport Band                                                                   ,      4.5 ,45mm                           ,Apple        ,Straps     ,    6 ,    2 ,    20
45mm Olive Sport Band  B588                                                             ,      1   ,                               ,Apple        ,Straps     ,    6 ,    2 ,    20
45mm Pride Edition Sport Band   S M                                                     ,      2   ,41mm                           ,Apple        ,Straps     ,    6 ,    2 ,    20
45mm Pride Edition Sport Loop                                                           ,      2   ,45mm                           ,Apple        ,Straps     ,    6 ,    2 ,    20
45mm Sequoia/Pure Platinum Nike Sport Loop                                              ,      2.5 ,45mm                           ,Apple        ,Straps     ,    6 ,    2 ,    20
45mm Sky Sport Band                                                                     ,      4   ,45mm                           ,Apple        ,Straps     ,    6 ,    2 ,    20
45mm Slate Blue Sport Band                                                              ,      2   ,45mm                           ,Apple        ,Straps     ,    6 ,    2 ,    20
45mm Starlight Sport Band   M L                                                         ,     31   ,41mm                           ,Apple        ,Straps     ,    6 ,    2 ,    20
45mm Starlight Sport Loop                                                               ,      5   ,45mm                           ,Apple        ,Straps     ,    6 ,    2 ,    20
45mm Storm Blue Sport Band   M L                                                        ,     33   ,41mm                           ,Apple        ,Straps     ,    6 ,    2 ,    20
45mm Storm Blue Sport Band - S/M                                                        ,     18   ,41mm                           ,Apple        ,Straps     ,    6 ,    2 ,    20
45mm Succulent Sport Band                                                               ,      7   ,45mm                           ,Apple        ,Straps     ,    6 ,    2 ,    20
45mm Summit White/Black Nike Sport Band                                                 ,      4   ,45mm                           ,Apple        ,Straps     ,    6 ,    2 ,    20
45mm Summit White/Black Nike Sport Loop                                                 ,      1   ,45mm                           ,Apple        ,Straps     ,    6 ,    2 ,    20
45mm White Sport Band                                                                   ,      6   ,45mm                           ,Apple        ,Straps     ,    6 ,    2 ,    20
46mm Black Sport Band - M/L                                                             ,      2   ,46mm                           ,Apple        ,Straps     ,    6 ,    2 ,    20
46mm Black Sport Band - S/M                                                             ,      5   ,46mm                           ,Apple        ,Straps     ,    6 ,    2 ,    20
46mm Black Sport Band - XL                                                              ,      1   ,46mm                           ,Apple        ,Straps     ,    6 ,    2 ,    20
46mm Blue Cloud Sport Loop                                                              ,      8   ,46mm                           ,Apple        ,Straps     ,    6 ,    2 ,    20
46mm Blue Flame Nike Sport Band - M/L                                                   ,      2   ,46mm                           ,Apple        ,Straps     ,    6 ,    2 ,    20
46mm Blue Flame Nike Sport Band - S/M                                                   ,      1   ,46mm                           ,Apple        ,Straps     ,    6 ,    2 ,    20
46mm Denim Sport Band - M/L                                                             ,      5   ,46mm                           ,Apple        ,Straps     ,    6 ,    2 ,    20
46mm Denim Sport Band - S/M                                                             ,      3   ,46mm                           ,Apple        ,Straps     ,    6 ,    2 ,    20
46mm Desert Stone Nike Sport Band - S/M                                                 ,      1   ,46mm                           ,Apple        ,Straps     ,    6 ,    2 ,    20
46mm Ink Sport Loop                                                                     ,      4   ,46mm                           ,Apple        ,Straps     ,    6 ,    2 ,    20
46mm Ink Sport Loop - XL                                                                ,      2   ,46mm                           ,Apple        ,Straps     ,    6 ,    2 ,    20
46mm Lake Green Sport Loop                                                              ,      5   ,46mm                           ,Apple        ,Straps     ,    6 ,    2 ,    20
46mm Light Blush Sport Band - S/M                                                       ,      1   ,46mm                           ,Apple        ,Straps     ,    6 ,    2 ,    20
46mm Midnight Sky Nike Sport Band - M/L                                                 ,      4   ,46mm                           ,Apple        ,Straps     ,    6 ,    2 ,    20
46mm Plum Sport Band - M/L                                                              ,      1   ,46mm                           ,Apple        ,Straps     ,    6 ,    2 ,    20
46mm Plum Sport Band - S/M                                                              ,      2   ,46mm                           ,Apple        ,Straps     ,    6 ,    2 ,    20
46mm Plum Sport Loop                                                                    ,      2   ,46mm                           ,Apple        ,Straps     ,    6 ,    2 ,    20
46mm Starlight Sport Band - M/L                                                         ,      7   ,46mm                           ,Apple        ,Straps     ,    6 ,    2 ,    20
46mm Starlight Sport Band - S/M                                                         ,      4   ,46mm                           ,Apple        ,Straps     ,    6 ,    2 ,    20
46mm Stone Gray Sport Band - M/L                                                        ,      1   ,46mm                           ,Apple        ,Straps     ,    6 ,    2 ,    20
46mm Stone Gray Sport Band - S/M                                                        ,      2   ,46mm                           ,Apple        ,Straps     ,    6 ,    2 ,    20
46mm Ultramarine Sport Loop                                                             ,      5   ,46mm                           ,Apple        ,Straps     ,    6 ,    2 ,    20
49mm Blue Trail Loop - M/L - Natural Titanium Finish                                    ,     10   ,49mm                           ,Apple        ,Straps     ,    6 ,    2 ,    20
49mm Green Alpine Loop - Small                                                          ,      1   ,49mm                           ,Apple        ,Straps     ,    6 ,    2 ,    20
49mm Green Trail Loop - M/L - Black Titanium Finish                                     ,      3   ,49mm                           ,Apple        ,Straps     ,    6 ,    2 ,    20
49mm Ice Blue Ocean Band - Black Titanium Finish                                        ,      3   ,49mm                           ,Apple        ,Straps     ,    6 ,    2 ,    20
49mm Navy Alpine Loop - Large - Black Titanium Finish                                   ,      1   ,49mm                           ,Apple        ,Straps     ,    6 ,    2 ,    20
49mm Navy Ocean Band - Natural Titanium Finish                                          ,      4   ,49mm                           ,Apple        ,Straps     ,    6 ,    2 ,    20
49mm Starlight Alpine Loop - Large                                                      ,      1   ,49mm                           ,Apple        ,Straps     ,    6 ,    2 ,    20
49mm Tan Alpine Loop - Large - Black Titanium Finish                                    ,      1   ,49mm                           ,Apple        ,Straps     ,    6 ,    2 ,    20
49mm Tan Alpine Loop - Large - Natural Titanium Finish                                  ,      2   ,49mm                           ,Apple        ,Straps     ,    6 ,    2 ,    20
49mm Yellow/Beige Trail Loop - M/L                                                      ,      2   ,49mm                           ,Apple        ,Straps     ,    6 ,    2 ,    20
APPLE WATCH 40 KHAKI SPORT BAND-ZML                                                     ,      1   ,40mm                           ,Apple        ,Straps     ,    6 ,    2 ,    20
APPLE WATCH 40mm RED SPORT BAND                                                         ,      3   ,40mm                           ,Apple        ,Straps     ,    6 ,    2 ,    20
APPLE WATCH 40mm SPEARMINT BAND                                                         ,      1   ,40mm                           ,Apple        ,Straps     ,    6 ,    2 ,    20
APPLE WATCH 41 BLACK/BLUE NSL-ZML                                                       ,      1   ,41mm                           ,Apple        ,Straps     ,    6 ,    2 ,    20
APPLE WATCH 41 BLUE FLAME NSB M/L-ZML                                                   ,      3   ,41mm                           ,Apple        ,Straps     ,    6 ,    2 ,    20
APPLE WATCH 41 BRIGHT GREEN/BLUE NSL-ZML                                                ,      2   ,41mm                           ,Apple        ,Straps     ,    6 ,    2 ,    20
APPLE WATCH 41 CARGO KHAKI NSB M/L-ZML                                                  ,      3   ,41mm                           ,Apple        ,Straps     ,    6 ,    2 ,    20
APPLE WATCH 41 CLAY SB S/M-ZML                                                          ,      2   ,41mm                           ,Apple        ,Straps     ,    6 ,    2 ,    20
APPLE WATCH 41 CYPRESS SL-ZML                                                           ,      2.5 ,41mm                           ,Apple        ,Straps     ,    6 ,    2 ,    20
APPLE WATCH 41 DESERT STONE NSB M/L-ZML                                                 ,      3   ,41mm                           ,Apple        ,Straps     ,    6 ,    2 ,    20
APPLE WATCH 41 LIGHT PINK SL-ZML                                                        ,      1   ,41mm                           ,Apple        ,Straps     ,    6 ,    2 ,    20
APPLE WATCH 41 MAGIC EMBER NSB M/L-ZML                                                  ,      1   ,41mm                           ,Apple        ,Straps     ,    6 ,    2 ,    20
APPLE WATCH 41 MIDNIGHT SKY NSB M/L-ZML                                                 ,      3   ,41mm                           ,Apple        ,Straps     ,    6 ,    2 ,    20
APPLE WATCH 41 MIDNIGHT SL-ZML                                                          ,      2   ,41mm                           ,Apple        ,Straps     ,    6 ,    2 ,    20
APPLE WATCH 41 PRIDE EDITION SB M/L-ZML                                                 ,      1   ,41mm                           ,Apple        ,Straps     ,    6 ,    2 ,    20
APPLE WATCH 41 PRIDE EDITION SB S/M-ZML                                                 ,      2   ,41mm                           ,Apple        ,Straps     ,    6 ,    2 ,    20
APPLE WATCH 41 PRIDE EDITION SL-ZML                                                     ,      2   ,41mm                           ,Apple        ,Straps     ,    6 ,    2 ,    20
APPLE WATCH 41 PURE PLATINUM NSB M/L-ZML                                                ,      5   ,41mm                           ,Apple        ,Straps     ,    6 ,    2 ,    20
APPLE WATCH 41 RED SP DEMO-ZML                                                          ,      6   ,41mm                           ,Apple        ,Straps     ,    6 ,    2 ,    20
APPLE WATCH 41 SEQUOIA/ORANGE NSL-ZML                                                   ,      1   ,41mm                           ,Apple        ,Straps     ,    6 ,    2 ,    20
APPLE WATCH 41 STARLIGHT SL-ZML                                                         ,      2   ,41mm                           ,Apple        ,Straps     ,    6 ,    2 ,    20
APPLE WATCH 41 STARLIGHT/PINK NSL-ZML                                                   ,      1   ,41mm                           ,Apple        ,Straps     ,    6 ,    2 ,    20
APPLE WATCH 41 WHITE SP DEMO                                                            ,      9   ,41mm                           ,Apple        ,Straps     ,    6 ,    2 ,    20
APPLE WATCH 44 BLACK UNITY SB M/L-ZML                                                   ,      1   ,44mm                           ,Apple        ,Straps     ,    6 ,    2 ,    20
APPLE WATCH 44MM RED SPORT                                                              ,      1   ,44mm                           ,Apple        ,Straps     ,    6 ,    2 ,    20
APPLE WATCH 44MM VITAMIN C SPORT LOOP                                                   ,      1   ,44mm                           ,Apple        ,Straps     ,    6 ,    2 ,    20
APPLE WATCH 45 BRIGHT GREEN/BLUE NSL-ZML                                                ,      2   ,45mm                           ,Apple        ,Straps     ,    6 ,    2 ,    20
APPLE WATCH 45 CYPRESS SL-ZML                                                           ,      1   ,45mm                           ,Apple        ,Straps     ,    6 ,    2 ,    20
APPLE WATCH 45 DESERT STONE NSB M/L-ZML                                                 ,      1   ,45mm                           ,Apple        ,Straps     ,    6 ,    2 ,    20
APPLE WATCH 45 LIGHT PINK SB S/M-ZML                                                    ,      1   ,45mm                           ,Apple        ,Straps     ,    6 ,    2 ,    20
APPLE WATCH 45 MIDNIGHT SB XL-ZML                                                       ,      4   ,45mm                           ,Apple        ,Straps     ,    6 ,    2 ,    20
APPLE WATCH 45 MIDNIGHT SL XL-ZML                                                       ,     14   ,45mm                           ,Apple        ,Straps     ,    6 ,    2 ,    20
APPLE WATCH 45 MIDNIGHT SL-ZML                                                          ,      2   ,45mm                           ,Apple        ,Straps     ,    6 ,    2 ,    20
APPLE WATCH 45 MULBERRY SB S/M-ZML                                                      ,      1   ,45mm                           ,Apple        ,Straps     ,    6 ,    2 ,    20
APPLE WATCH 45 PRIDE EDITION SB M/L-ZML                                                 ,      2   ,45mm                           ,Apple        ,Straps     ,    6 ,    2 ,    20
APPLE WATCH 45 RED SB M/L-ZML                                                           ,      2   ,45mm                           ,Apple        ,Straps     ,    6 ,    2 ,    20
APPLE WATCH 45 STARLIGHT SB S/M-ZML                                                     ,     18   ,45mm                           ,Apple        ,Straps     ,    6 ,    2 ,    20
APPLE WATCH 45 STARLIGHT SL-ZML                                                         ,      1   ,45mm                           ,Apple        ,Straps     ,    6 ,    2 ,    20
APPLE WATCH 45 STARLIGHT/PINK NSL-ZML                                                   ,      2   ,45mm                           ,Apple        ,Straps     ,    6 ,    2 ,    20
APPLE WATCH 45 WINTER BLUE SB S/M-ZML                                                   ,      1   ,45mm                           ,Apple        ,Straps     ,    6 ,    2 ,    20
APPLE WATCH 49 GREEN ALP M DEMO                                                         ,      2   ,49mm                           ,Apple        ,Straps     ,    6 ,    2 ,    20
AW S3 42 TAHOE BLU SL-DEMO ACCS                                                         ,      1   ,42mm                           ,Apple        ,Straps     ,    6 ,    2 ,    20
Apple 40mm (PRODUCT)RED Sport Loop                                                      ,      1   ,40mm                           ,Apple        ,Straps     ,    6 ,    2 ,    20
Apple 41 Starlight Sport Band  B480  Demo                                               ,      4   ,41mm                           ,Apple        ,Straps     ,    6 ,    2 ,    20
Apple 41 mm Pure Platinum/Black Nike Sport Band  B515  Demo                             ,      3   ,41mm                           ,Apple        ,Straps     ,    6 ,    2 ,    20
Apple 41mm  PRODUCT RED Sport Band  B487  Demo                                          ,      3   ,41mm                           ,Apple        ,Straps     ,    6 ,    2 ,    20
Apple 41mm Blue Fog Sport Band - Regular                                                ,      1   ,41mm                           ,Apple        ,Straps     ,    6 ,    2 ,    20
Apple 41mm Midnight Navy/Mystic Navy Nike Sport Band - Regular                          ,      1   ,41mm                           ,Apple        ,Straps     ,    6 ,    2 ,    20
Apple 41mm Midnight Sport Band  B482  Demo                                              ,      2   ,41mm                           ,Apple        ,Straps     ,    6 ,    2 ,    20
Apple 41mm Midnight Sport Band - Regular                                                ,      3   ,41mm                           ,Apple        ,Straps     ,    6 ,    2 ,    20
Apple 45 mm Midnight Sport Band  B483  Demo                                             ,     15   ,45mm                           ,Apple        ,Straps     ,    6 ,    2 ,    20
Apple 45mm Cargo Khaki Nike Sport Loop - Regular                                        ,      1   ,45mm                           ,Apple        ,Straps     ,    6 ,    2 ,    20
Apple 45mm Midnight Sport Band - Regular                                                ,     35   ,45mm                           ,Apple        ,Straps     ,    6 ,    2 ,    20
Apple 45mm Nectarine/Peony Sport Loop                                                   ,      2   ,45mm                           ,Apple        ,Straps     ,    6 ,    2 ,    20
Apple 45mm Starlight Sport Band  B481  Demo                                             ,     10   ,45mm                           ,Apple        ,Straps     ,    6 ,    2 ,    20
Apple 45mm Starlight Sport Band - Regular                                               ,     19   ,45mm                           ,Apple        ,Straps     ,    6 ,    2 ,    20
Apple 45mm Tornado/Gray Sport Loop - Regular                                            ,      1   ,45mm                           ,Apple        ,Straps     ,    6 ,    2 ,    20
Apple Watch 38MM Light Gray/Volt Nike Sport                                             ,      1   ,38mm                           ,Apple        ,Straps     ,    6 ,    2 ,    20
Apple Watch 40mm Anthracite/Black Nike Sport Band DEMO                                  ,      1   ,40mm                           ,Apple        ,Straps     ,    6 ,    2 ,    20
Apple Watch 40mm Mallard Green Sport Band                                               ,      1   ,40mm                           ,Apple        ,Straps     ,    6 ,    2 ,    20
Apple Watch 40mm Seashell Sport Loop                                                    ,      1   ,40mm                           ,Apple        ,Straps     ,    6 ,    2 ,    20
Apple Watch 41mm Clover Sport Band Demo                                                 ,      1   ,41mm                           ,Apple        ,Straps     ,    6 ,    2 ,    20
Apple Watch 42MM Black/Volt Nike                                                        ,      1   ,42mm                           ,Apple        ,Straps     ,    6 ,    2 ,    20
Apple Watch 42mm Tahoe Blue Sport Loop DEMO                                             ,      1   ,42mm                           ,Apple        ,Straps     ,    6 ,    2 ,    20
Apple Watch 44mm Olive Sport Loop Demo                                                  ,      1   ,44mm                           ,Apple        ,Straps     ,    6 ,    2 ,    20
Apple Watch 44mm Purple Pulse Nike Sport Loop Demo                                      ,      1   ,44mm                           ,Apple        ,Straps     ,    6 ,    2 ,    20
Apple Watch 44mm Summit White Nike Sport Loop                                           ,      1   ,44mm                           ,Apple        ,Straps     ,    6 ,    2 ,    20
Apple Watch 45mm Abyss Blue/Moss Green Sport Designed by Apple in California            ,      2   ,45mm                           ,Apple        ,Straps     ,    6 ,    2 ,    20
Apple Watch 45mm Dark Cherry/Forest Green Sport Loop Demo                               ,      1   ,45mm                           ,Apple        ,Straps     ,    6 ,    2 ,    20
Apple Watch 45mm Elderberry Sports Band Demo                                            ,      2   ,45mm                           ,Apple        ,Straps     ,    6 ,    2 ,    20
Apple Watch 45mm Maize/White Sport Loop Demo                                            ,      2   ,45mm                           ,Apple        ,Straps     ,    6 ,    2 ,    20
Apple Watch 45mm Pink Pomelo/Tan Sport Loop Demo                                        ,      1   ,45mm                           ,Apple        ,Straps     ,    6 ,    2 ,    20
Apple Watch 45mm Red Sport Loop Demo                                                    ,      1   ,45mm                           ,Apple        ,Straps     ,    6 ,    2 ,    20
Apple Watch 45mm Slate Blue Sports Band                                                 ,      1   ,45mm                           ,Apple        ,Straps     ,    6 ,    2 ,    20
Apple Watch Magnetic Charging Cable  1 m                                                ,    197   ,USB Connector                  ,Apple        ,Cables & Adapters ,    6 ,    2 ,    20
Apple Watch Magnetic Fast Charger to USB-C Cable  1 m                                   ,    767   ,USB-C Connector                ,Apple        ,Cables & Adapters ,    6 ,    2 ,    20
Apple Watch Magnetic Fast Charger to USB-C Cable (1 m)                                  ,      1   ,Magnetic Fast Charger to USB-C ,Apple        ,Cables & Adapters ,    6 ,    2 ,    20
AppleWatch Magnetic Charging Dock                                                       ,      2   ,Magnetic Charging Dock         ,Apple        ,Chargers & Docks  ,    6 ,    2 ,    20
Bright Green Sport band 45mm                                                            ,      1   ,45mm                           ,Apple        ,Straps     ,    6 ,    2 ,    20
Watch 42mm Denim Blue Sport                                                             ,      1   ,42mm                           ,Apple        ,Straps     ,    6 ,    2 ,    20
