product_name                                                                                           , series       , category      , subcategory   , brand          , width, height, depth, core_product, frequency
5 Meter HDMI Gold 4K 2.0 Ethernet Ultra HD Cable                                                       , Mac Universal, cable         , Gold          , Belkin         ,  10.2,    2.8,  15.5, Mac         ,         2
7 IN 1 MULTI PORT HUB(HUB)(COLOR SILVER)                                                               , Mac Universal, hub           , Silver        , Pulse          ,   8.0,    2.0,  16.0, Mac         ,      1109
ALOGIC USB- C AnchorHDMI Hub - USB-A (USB2.0)  USB-C (PD 60W) 3.5mm Audio Jack  HDMI                   , Mac Universal, hub           , Default       , ALOGIC         ,   8.0,    2.0,  16.0, Mac         ,        27
ALOGIC USB-C Dock Wave - ALL-IN-ONE / USB-C Hub with Power Delivery  Power Bank & Wireless Charger     , Mac Universal, hub           , Default       , ALOGIC         ,   8.0,    2.0,  16.0, Mac         ,        17
ALOGIC USB-C Fusion ALPHA 5-in-1 Hub - HDMI/USB/Ethernet & Power Delivery                              , Mac Universal, hub           , Default       , ALOGIC         ,   8.0,    2.0,  16.0, Mac         ,         8
ALOGIC USB-C Fusion ALPHA 5-in-1 Hub V2                                                                , Mac Universal, hub           , Default       , ALOGIC         ,   8.0,    2.0,  16.0, Mac         ,        36
ALOGIC USB-C Fusion SWIFT 4-in-1 Hub                                                                   , Mac Universal, hub           , Default       , ALOGIC         ,   8.0,    2.0,  16.0, Mac         ,        23
ALOGIC USB-C Laptop/Macbook Wall Charger 60W with Power Delivery                                       , MacBook      , charger       , Default       , ALOGIC         ,   6.0,    4.8,   7.5, Mac         ,         4
ALOGIC USB-C MultiPort Adapter with Card Reader/3 x USB 3.0 Hub                                        , Mac Universal, hub           , Default       , ALOGIC         ,   8.0,    2.0,  16.0, Mac         ,         4
ALOGIC Ultra USB-C Dock UNI V2 - Space Grey                                                            , Mac Universal, hub           , Grey          , ALOGIC         ,   8.0,    2.0,  16.0, Mac         ,         6
AT Marsix Case For Macbook Air 15.3-82679-Black                                                        , MacBook Air  , hardshell case, Black         , AmazingThing   ,  30.0,    1.5,  21.0, Mac         ,        21
AT Marsix Pro Case For Macbook Pro 13 -77569 -Black                                                    , MacBook Pro  , hardshell case, Black         , AmazingThing   ,  30.0,    1.5,  21.0, Mac         ,         8
Alogic Fusion CORE USB-C 5 in 1 HDMI & USB Hub - Space Grey                                            , Mac Universal, hub           , Grey          , ALOGIC         ,   8.0,    2.0,  16.0, Mac         ,         2
Alogic Metro Adjustable   Portable Folding Notebook Stand - Space Grey                                 , Mac Universal, stand         , Space Grey    , ALOGIC         ,  15.0,   10.0,  15.0, Mac         ,         1
BELKIN 4-OUTLET SURGE PROT 1.5M CORD GREY                                                              , Mac Universal, accessory     , Grey          , Belkin         ,  10.0,    3.0,  12.0, Mac         ,       176
BELT CCL COS NP BELT CABLE DUO C TO C L COSMOS 1.5M                                                    , Mac Universal, cable         , Default       , Native Union   ,  10.2,    2.8,  15.5, Mac         ,         2
Belkin ADAPTER  USB-C TO HDMI  VGA  DVI  DISPLAYPORT  BLK                                              , Mac Universal, charger       , Default       , Belkin         ,   6.0,    4.8,   7.5, Mac         ,         6
Belkin BUNDLE TCP 2.0 LAUNCH KIT Cleaning Spray  Cleaning Cloth  Film Removal & Application            , Mac Universal, cleaning      , Default       , Belkin         ,   5.0,    2.0,  12.0, Mac         ,         2
Belkin MIXIT UP LTG TO USB CHARGESYNC CBL 2.4A 6 BLK                                                   , Mac Universal, cable         , Default       , Belkin         ,  10.2,    2.8,  15.5, Mac         ,         2
Belkin PVC A-LTG 1M  WHITE - Lightning Cable                                                           , Mac Universal, cable         , White         , Belkin         ,  10.2,    2.8,  15.5, Mac         ,         1
Belkin PVC C-LTG 1M  MIDNIGHT GREEN- C to Lightning                                                    , Mac Universal, cable         , Green         , Belkin         ,  10.2,    2.8,  15.5, Mac         ,        21
Belkin PVC C-LTG 1M  WHITE - C -Lightning Cable                                                        , Mac Universal, cable         , White         , Belkin         ,  10.2,    2.8,  15.5, Mac         ,        18
Belkin USB-A TO MICRO USB/LTG/USB-C 4 CHRG/SYNC CABLE                                                  , Mac Universal, cable         , Default       , Belkin         ,  10.2,    2.8,  15.5, Mac         ,        11
Belkin USB-A to LTG  SILICONE  1M  WHT                                                                 , Mac Universal, cable         , Default       , Belkin         ,  10.2,    2.8,  15.5, Mac         ,         2
Belkin USB-C to LTG  SILICONE  1M  WHT                                                                 , Mac Universal, cable         , Default       , Belkin         ,  10.2,    2.8,  15.5, Mac         ,         2
Belkin USB-C to Lightning Cable 1.2M - BLK                                                             , Mac Universal, cable         , Default       , Belkin         ,  10.2,    2.8,  15.5, Mac         ,         3
Belkin USB-C to Lightning Cable 1.2M WHT                                                               , Mac Universal, cable         , Default       , Belkin         ,  10.2,    2.8,  15.5, Mac         ,         3
Belkin iPhone Dock (Silver)                                                                            , Mac Universal, hub           , Silver        , Belkin         ,   8.0,    2.0,  16.0, Mac         ,         5
Belkin-6-OUTLET SURGE PROTECTOR  2 METER CORD                                                          , Mac Universal, charger       , Default       , Belkin         ,   6.0,    4.8,   7.5, Mac         ,       100
G203 Lightsync - Black                                                                                 , Mac Universal, peripheral    , Mouse         , Logitech       ,  10.0,    3.0,  12.0, Mac         ,         6
GRAVASTAR M1 PRO GRY   MERCURY M1 PRO WIRELESS GAMING MOUSE                                            , Mac Universal, peripheral    , Default       , Gravastar      ,  10.0,    3.0,  12.0, Mac         ,         2
GRAVASTAR M1 PRO WSM   MERCURY M1 PRO WIRELESS GAMING MOUSE  BATTLE WOM VERSION  4K DONGLE             , Mac Universal, peripheral    , Default       , Gravastar      ,  10.0,    3.0,  12.0, Mac         ,         1
GRAVASTAR M2 BLK   MERCURY M2 WIRELESS GAMING MOUSE                                                    , Mac Universal, peripheral    , Default       , Gravastar      ,  10.0,    3.0,  12.0, Mac         ,         2
Gripp Compaq Hardshel for Apple Macbook Air 15  M2   2023    Frost                                     , MacBook Air  , hardshell case, Frost         , Gripp          ,  30.0,    1.5,  21.0, Mac         ,         1
Gripp Compaq Hardshel for Apple Macbook Pro 13 M2 - 2022 & M1 - 2021 Black                             , MacBook Pro  , hardshell case, Black         , Gripp          ,  30.0,    1.5,  21.0, Mac         ,         2
Gripp Compaq Hardshel for Apple Macbook Pro 14 M1 -2021 - Black                                        , MacBook Pro  , hardshell case, Black         , Gripp          ,  30.0,    1.5,  21.0, Mac         ,        11
Gripp Compaq Hardshel for Apple Macbook Pro 14 M1 -2021 - Frost                                        , MacBook Pro  , hardshell case, Frost         , Gripp          ,  30.0,    1.5,  21.0, Mac         ,         2
Gripp Compaq Hardshel for Apple Macbook Pro 16 M1 - 2021 - Frost                                       , MacBook Pro  , hardshell case, Frost         , Gripp          ,  30.0,    1.5,  21.0, Mac         ,         6
Gripp Compaq Macbook Air Hardshel case 13 M1 2020 & Retina 2020 - Black                                , MacBook Air  , hardshell case, Black         , Gripp          ,  30.0,    1.5,  21.0, Mac         ,        14
Gripp Compaq Macbook Air Hardshel case 13 M1 2020 & Retina 2020 - Frost                                , MacBook Air  , hardshell case, Frost         , Gripp          ,  30.0,    1.5,  21.0, Mac         ,        21
Gripp Compaq Macbook Air Hardshel case 13 M1 2020 & Retina 2020 - Navy Blue                            , MacBook Air  , hardshell case, Navy Blue     , Gripp          ,  30.0,    1.5,  21.0, Mac         ,         5
Gripp Compaq Macbook Air Hardshel case 13 M1 2020 & Retina 2020 - Smoke                                , MacBook Air  , hardshell case, Smoke         , Gripp          ,  30.0,    1.5,  21.0, Mac         ,         4
Gripp Compaq Macbook Air Hardshel case 13.6 (M2 2022) - Black                                          , MacBook Air  , hardshell case, Black         , Gripp          ,  30.0,    1.5,  21.0, Mac         ,        63
Gripp Compaq Macbook Air Hardshel case 13.6 (M2 2022) - Frost                                          , MacBook Air  , hardshell case, Frost         , Gripp          ,  30.0,    1.5,  21.0, Mac         ,        57
Gripp Compaq Macbook Air Hardshel case 13.6 (M2 2022) - Smoke                                          , MacBook Air  , hardshell case, Smoke         , Gripp          ,  30.0,    1.5,  21.0, Mac         ,        36
Gripp Defence Macbook Air 13 Hardshel case (M1 2020 & Retina 2020) - Grey                              , MacBook Air  , hardshell case, Grey          , Gripp          ,  30.0,    1.5,  21.0, Mac         ,        11
Gripp Defence Macbook Air 13.6 Hardshel case (M2 2022) - Grey                                          , MacBook Air  , hardshell case, Grey          , Gripp          ,  30.0,    1.5,  21.0, Mac         ,        33
Gripp Defence Macbook Pro 13 Hardshel Case (M2 - 2022 & M1 - 2021 ) - Grey                             , MacBook Pro  , hardshell case, Grey          , Gripp          ,  30.0,    1.5,  21.0, Mac         ,         9
Gripp Keyboard Skin for Apple Macbook Pro 13 2022 - 2020 - Black                                       , MacBook Pro  , keyboard skin , Black         , Gripp          ,  30.0,    0.1,  20.0, Mac         ,         7
Gripp Keyboard Skin for Apple Macbook Pro 14 and 16 M1 - 2021 - Black                                  , MacBook Pro  , keyboard skin , Black         , Gripp          ,  30.0,    0.1,  20.0, Mac         ,       146
Gripp Keyboard Skin for Macbook Air 13 2020 - Black                                                    , MacBook Air  , keyboard skin , Black         , Gripp          ,  30.0,    0.1,  20.0, Mac         ,        18
Gripp LUXURY Premium Leather Laptop Sleeve for 14 - Black                                              , Mac Universal, sleeve        , Black         , Gripp          ,  30.0,    0.3,  20.0, Mac         ,        82
Gripp LUXURY Premium Leather Laptop Sleeve for 14 - Blue                                               , Mac Universal, sleeve        , Blue          , Gripp          ,  30.0,    0.3,  20.0, Mac         ,        18
Gripp LUXURY Premium Leather Laptop Sleeve for 14 - Brown                                              , Mac Universal, sleeve        , Brown         , Gripp          ,  30.0,    0.3,  20.0, Mac         ,        78
Gripp LUXURY Premium Leather Laptop Sleeve for 14 - Purple                                             , Mac Universal, sleeve        , Purple        , Gripp          ,  30.0,    0.3,  20.0, Mac         ,        15
Gripp LUXURY Premium Leather Laptop Sleeve for 14 - Yellow                                             , Mac Universal, sleeve        , Yellow        , Gripp          ,  30.0,    0.3,  20.0, Mac         ,        31
Gripp MALLEABLE Premium Leather Laptop Sleeve for 14 - Black                                           , Mac Universal, sleeve        , Black         , Gripp          ,  30.0,    0.3,  20.0, Mac         ,         4
Gripp MALLEABLE Premium Leather Laptop Sleeve for 14 - Brown                                           , Mac Universal, sleeve        , Brown         , Gripp          ,  30.0,    0.3,  20.0, Mac         ,        16
Gripp MALLEABLE Premium Leather Laptop Sleeve for 14 - Dark Blue                                       , Mac Universal, sleeve        , Blue          , Gripp          ,  30.0,    0.3,  20.0, Mac         ,        18
Gripp MALLEABLE Premium Leather Laptop Sleeve for 14 - Green                                           , Mac Universal, sleeve        , Green         , Gripp          ,  30.0,    0.3,  20.0, Mac         ,        19
Gripp MALLEABLE Premium Leather Laptop Sleeve for 14 - Grey                                            , Mac Universal, sleeve        , Grey          , Gripp          ,  30.0,    0.3,  20.0, Mac         ,        19
Gripp MALLEABLE Premium Leather Laptop Sleeve for 14 - Red                                             , Mac Universal, sleeve        , Red           , Gripp          ,  30.0,    0.3,  20.0, Mac         ,        22
Gripp Riser Laptop Stand - Grey                                                                        , Mac Universal, stand         , Grey          , Gripp          ,  15.0,   10.0,  15.0, Mac         ,        64
HYPHEN 801 Ladies Laptop Bag for 14                                                                    , Mac Universal, bag           , Default       , HYPHEN         ,  35.0,    8.0,  28.0, Mac         ,         3
HYPHEN DUOKIT Earbuds Cleaning Pen - White                                                             , Mac Universal, cleaning      , White         , HYPHEN         ,   5.0,    2.0,  12.0, Mac         ,         4
HYPHEN Sling Bag 203- Black                                                                            , Mac Universal, bag           , Black         , HYPHEN         ,  35.0,    8.0,  28.0, Mac         ,         6
HYPHEN Sling Bag 203-Camouflage                                                                        , Mac Universal, bag           , Camouflage    , HYPHEN         ,  35.0,    8.0,  28.0, Mac         ,         4
HyperDrive 4-in-1 iPad USB-C Hub                                                                       , Mac Universal, hub           , Default       , Hyper Drive    ,   8.0,    2.0,  16.0, Mac         ,         1
HyperDrive DUO 7-in-2 USB-C Hub for MacBook Pro / Air                                                  , MacBook Pro  , hub           , Default       , Hyper Drive    ,   8.0,    2.0,  16.0, Mac         ,         1
HyperDrive NET Hub for USB-C MacBook Pro                                                               , MacBook Pro  , hub           , Default       , Hyper Drive    ,   8.0,    2.0,  16.0, Mac         ,         6
Jingmark Horizontal Laptop sleeve Cognac 13 inch                                                       , Mac Universal, sleeve        , Cognac        , Jingmark       ,  30.0,    0.3,  20.0, Mac         ,         3
Jingmark Vertical laptop sleeve Cognac 13 inch                                                         , Mac Universal, sleeve        , Cognac        , Jingmark       ,  30.0,    0.3,  20.0, Mac         ,         4
Jingmark Vertical laptop sleeve Cognac 14 inch                                                         , Mac Universal, sleeve        , Cognac        , Jingmark       ,  30.0,    0.3,  20.0, Mac         ,         4
Jingmark Vertical laptop sleeve black 14 inch                                                          , Mac Universal, sleeve        , Black         , Jingmark       ,  30.0,    0.3,  20.0, Mac         ,         5
Jingmark Vertital Laptop sleeve Black 13 inch                                                          , Mac Universal, sleeve        , Black         , Jingmark       ,  30.0,    0.3,  20.0, Mac         ,         4
LED Lamp with Wireless Charger - Dimmer - On Product                                                   , Mac Universal, charger       , Default       , NEDIS          ,   6.0,    4.8,   7.5, Mac         ,         1
Logitech Keyboard MX KEYS Mini Graphite                                                                , Mac Universal, peripheral    , Graphite      , Logitech       ,  10.0,    3.0,  12.0, Mac         ,         2
Logitech Keyboard MX KEYS Mini MAC Pale Grey                                                           , Mac Universal, peripheral    , Pale Grey     , Logitech       ,  10.0,    3.0,  12.0, Mac         ,         1
Logitech Pebble M350s Mouse - Graphite                                                                 , Mac Universal, peripheral    , Graphite      , Logitech       ,  10.0,    3.0,  12.0, Mac         ,         3
Logitech Pebble M350s Mouse - White                                                                    , Mac Universal, peripheral    , White         , Logitech       ,  10.0,    3.0,  12.0, Mac         ,        29
MOFT logo debossed only laptop stand fits up to 15.6 laptops - Space Grey                              , Mac Universal, stand         , Grey          , MOFT           ,  15.0,   10.0,  15.0, Mac         ,        93
NATIVE UNION  STOW MACBOOK CASE FABRIC INDIGO 13                                                       , MacBook      , hardshell case, Default       , Native Union   ,  30.0,    1.5,  21.0, Mac         ,       262
NATIVE UNION STOW MACBOOK CASE FABRIC SLATE 13                                                         , MacBook      , hardshell case, Default       , Native Union   ,  30.0,    1.5,  21.0, Mac         ,       310
Neopack Anti-Glare Frame for Macbook Air M1 Series                                                     , MacBook Air  , keyboard skin , Default       , Neo pack       ,  30.0,    0.1,  20.0, Mac         ,         1
Neopack Silicon Keyboard Guard for Macbook Air - Magic Keyboard                                        , MacBook Air  , peripheral    , Default       , Neo pack       ,  10.0,    3.0,  12.0, Mac         ,         1
Neopack Unimount Stand - White (DEMO)                                                                  , Mac Universal, stand         , White         , Neo pack       ,  15.0,   10.0,  15.0, Mac         ,         1
Neopack iPaper for iPad Air 10.9 & 11 PRO                                                              , Mac Universal, stand         , Default       , Neo pack       ,  15.0,   10.0,  15.0, Mac         ,         1
PULSE 100W PD GAN Desktop Charger - White                                                              , Mac Universal, charger       , White         , Pulse          ,   6.0,    4.8,   7.5, Mac         ,       164
PanzerGlass SPRAY Twice A Day Antibacterial screen cleaner 100 ml                                      , Mac Universal, cleaning      , Default       , PanzerGlass    ,   5.0,    2.0,  12.0, Mac         ,      1102
PanzerGlass SPRAY Twice A Day Antibacterial screen cleaner 30 ml                                       , Mac Universal, cleaning      , Default       , PanzerGlass    ,   5.0,    2.0,  12.0, Mac         ,      1093
Powerup 120w 3 Type-C  PD   USB QC 3.0 Wall Charger - White                                            , Mac Universal, charger       , White         , Power UP       ,   6.0,    4.8,   7.5, Mac         ,         2
Powerup ELITE MICRO USB-C HUB 5IN1 (PD-4USB)                                                           , Mac Universal, hub           , Silver        , PowerUP        ,   8.0,    2.0,  16.0, Mac         ,         5
Powerup MINI SPLITTER USB-C HUB 3IN1 (Type-C/HDMI/USB)                                                 , Mac Universal, hub           , Gunmetal      , PowerUP        ,   8.0,    2.0,  16.0, Mac         ,         5
Pulse Magnetic privacy filter for MacBook Air 13.6inch M2 M3  2022- 2024                               , MacBook Air  , privacy filter, Black         , Pulse          ,  30.0,    0.3,  20.0, Mac         ,       863
Pulse Magnetic privacy filter for MacBook Air 15.3 inch M2 M3 2023  2024                               , MacBook Air  , privacy filter, Black         , Pulse          ,  30.0,    0.3,  20.0, Mac         ,       150
Pulse Magnetic privacy filter for MacBook Pro 14.2 inch M1 M2 2021  2023                               , MacBook Pro  , privacy filter, Black         , Pulse          ,  30.0,    0.3,  20.0, Mac         ,       294
Pulse Magnetic privacy filter for MacBook Pro 16.2 inch 2021  M1 M2 2021- 2023                         , MacBook Pro  , privacy filter, Black         , Pulse          ,  30.0,    0.3,  20.0, Mac         ,       105
RIVACASE 5120 black Laptop bag 13.3 / 12                                                               , Mac Universal, hardshell case, Black         , Rivacase       ,  30.0,    1.5,  21.0, Mac         ,        47
RIVACASE 5123 black MacBook 13 sleeve / 12                                                             , MacBook      , sleeve        , Black         , Rivacase       ,  30.0,    0.3,  20.0, Mac         ,        34
RIVACASE 5123 blue MacBook 13 sleeve / 12                                                              , MacBook      , sleeve        , Blue          , Rivacase       ,  30.0,    0.3,  20.0, Mac         ,        32
RIVACASE 5123 red MacBook 13 sleeve / 12                                                               , MacBook      , sleeve        , Red           , Rivacase       ,  30.0,    0.3,  20.0, Mac         ,        35
RIVACASE 7703 black ECO Laptop sleeve 13.3 / 12                                                        , Mac Universal, sleeve        , Black         , Rivacase       ,  30.0,    0.3,  20.0, Mac         ,        67
RIVACASE 7703 blue ECO Laptop sleeve 13.3 / 12                                                         , Mac Universal, sleeve        , Blue          , Rivacase       ,  30.0,    0.3,  20.0, Mac         ,        12
RIVACASE 8221 black Laptop bag 13 3 / 6                                                                , Mac Universal, hardshell case, Black         , Rivacase       ,  30.0,    1.5,  21.0, Mac         ,       477
RIVACASE 8231 Black Laptop bag 15 6 / 6                                                                , Mac Universal, hardshell case, Black         , Rivacase       ,  30.0,    1.5,  21.0, Mac         ,         6
RIVACASE 8630 black Laptop bag 15 6 / 6                                                                , Mac Universal, hardshell case, Black         , Rivacase       ,  30.0,    1.5,  21.0, Mac         ,        38
RIVACASE 8720 grey Laptop bag 13.3 / 6                                                                 , Mac Universal, hardshell case, Grey          , Rivacase       ,  30.0,    1.5,  21.0, Mac         ,        34
RIVACASE 8730 grey Laptop bag 15 6 / 6                                                                 , Mac Universal, hardshell case, Grey          , Rivacase       ,  30.0,    1.5,  21.0, Mac         ,        19
Raopro  isheild Hard Shell Case For Macbook 16.2 56821  Clear                                          , MacBook      , hardshell case, Clear         , Raopro         ,  30.0,    1.5,  21.0, Mac         ,         3
SANDISK 16GB MICRO SD ULTRA 98MB/S  A1 HIGH SPEED CLASS 10                                             , Mac Universal, storage       , Default       , Sandisk        ,   8.0,    1.5,  12.0, Mac         ,         2
SANDISK 256GB ULTRA DUAL DRIVE GO TYPE-C FLASH DRIVE                                                   , Mac Universal, storage       , Default       , Sandisk        ,   8.0,    1.5,  12.0, Mac         ,         1
STOW LT MBS KFT 13  STOW LITE SLEEVE FOR MACBOOK 13 KRAFT                                              , MacBook      , sleeve        , Beige/Yellow  , Native Union   ,  30.0,    0.3,  20.0, Mac         ,         6
STOW MBS GRY 14 STOW SLIM SLEEVE FOR MACBOOK 13 14 SLATE                                               , MacBook      , sleeve        , Grey          , Native Union   ,  30.0,    0.3,  20.0, Mac         ,         7
SanDisk Extreme Portable SSD - 1TB  Black                                                              , Mac Universal, storage       , Black         , Sandisk        ,   8.0,    1.5,  12.0, Mac         ,        64
SanDisk Extreme Portable SSD 1050MB s R 1TB Monterey color IP 65 resistance and 3 meter drop protection, Mac Universal, storage       , Blue          , Sandisk        ,   8.0,    1.5,  12.0, Mac         ,        58
SanDisk Extreme Portable SSD 1050MB s R 2TB Monterey color IP 65 resistance and 3 meter drop protection, Mac Universal, storage       , Blue          , Sandisk        ,   8.0,    1.5,  12.0, Mac         ,        28
SanDisk Extreme Portable SSD 1050MB s R 4TB Monterey color IP 65 resistance and 3 meter drop protection, Mac Universal, storage       , Blue          , Sandisk        ,   8.0,    1.5,  12.0, Mac         ,         7
SanDisk Ultra Dual USB Drive 3.0 SDDD2 128GB USB3.0 Black                                              , Mac Universal, storage       , Black         , Sandisk        ,   8.0,    1.5,  12.0, Mac         ,         4
SanDisk Ultra Fit USB 3.1 128GB - Small Form Factor Plug & Stay Hi-Speed USB Drive                     , Mac Universal, storage       , Default       , Sandisk        ,   8.0,    1.5,  12.0, Mac         ,         2
SanDisk Ultra USB 3.0 Flash Drive  CZ48 128GB  USB3.0  Black  stylish sleek design  5Y                 , Mac Universal, storage       , Black         , Sandisk        ,   8.0,    1.5,  12.0, Mac         ,         2
TEKNE 240W USB4 Braided Cable                                                                          , Mac Universal, cable         , Default       , Tekne          ,  10.2,    2.8,  15.5, Mac         ,       208
TEKNE Gadget Organiser- Olive Green                                                                    , Mac Universal, charger       , Green         , Tekne          ,   6.0,    4.8,   7.5, Mac         ,       332
TEKNE Spotfree Cleaning Spray                                                                          , Mac Universal, cleaning      , Default       , Tekne          ,   5.0,    2.0,  12.0, Mac         ,      5851
TEKNE essential USB-C Hub                                                                              , Mac Universal, hub           , Default       , Tekne          ,   8.2,    2.2,  16.5, Mac         ,       389
TEKNE macbook essential Kit for 13-inch MacBook Air with  M2 chip - Midnight                           , MacBook Air  , accessory     , Default       , Tekne          ,  10.0,    3.0,  12.0, Mac         ,        46
TEKNE macbook essential Kit for 13-inch MacBook Air with  M2 chip-Space Grey                           , MacBook Air  , accessory     , Grey          , Tekne          ,  10.0,    3.0,  12.0, Mac         ,        13
TEKNE macbook essential Kit for 13-inch MacBook Air with  M2 chip-Starlight                            , MacBook Air  , accessory     , Default       , Tekne          ,  10.0,    3.0,  12.0, Mac         ,        15
TEKNE macbook essential Kit for 15-inch MacBook Air M3-Midnight                                        , MacBook Air  , accessory     , Size 15.3-Inch, Tekne          ,  10.0,    3.0,  12.0, Mac         ,         4
TEKNE macbook essential Kit for 15-inch MacBook Air M3-Starlight                                       , MacBook Air  , accessory     , Size 15.3-Inch, Tekne          ,  10.0,    3.0,  12.0, Mac         ,        14
TEKNE macbook essential Kit for 16-inch MacBook Pro: Apple M3  Pro -Space Black                        , MacBook Pro  , accessory     , Size 15.3-Inch, Tekne          ,  10.0,    3.0,  12.0, Mac         ,        11
TEKNE macbook essential Kit for Macbook pro 14 M3 -Space Black                                         , MacBook Pro  , accessory     , Size 14.2-Inch, Tekne          ,  10.0,    3.0,  12.0, Mac         ,        33
TUCANO COLORE 15.6 sleeve Black                                                                        , Mac Universal, sleeve        , Black         , Tucano         ,  30.0,    0.3,  20.0, Mac         ,         1
TUCANO COLORE 15.6 sleeve Blue                                                                         , Mac Universal, sleeve        , Blue          , Tucano         ,  30.0,    0.3,  20.0, Mac         ,         2
TUCANO COLORE 15.6 sleeve Red                                                                          , Mac Universal, sleeve        , Red           , Tucano         ,  30.0,    0.3,  20.0, Mac         ,         3
TUCANO SHAKE 15.6 COLOR Sleeve                                                                         , Mac Universal, sleeve        , Default       , Tucano         ,  30.0,    0.3,  20.0, Mac         ,         3
Targus Turbo QUAD USB Travel Charger                                                                   , Mac Universal, charger       , Default       , Targus         ,   6.0,    4.8,   7.5, Mac         ,         1
Tucano BIZIP-AGS Bagpack 16                                                                            , Mac Universal, bag           , Default       , Tucano         ,  35.0,    8.0,  28.0, Mac         ,         5
Tucano Colore Sleeve 13 /14 -Fuschia                                                                   , Mac Universal, sleeve        , Default       , Tucano         ,  30.0,    0.3,  20.0, Mac         ,         2
Tucano Colore Sleeve 13 /14 -Yellow                                                                    , Mac Universal, sleeve        , Yellow        , Tucano         ,  30.0,    0.3,  20.0, Mac         ,         1
Tucano Colore Sleeve 13/14                                                                             , Mac Universal, sleeve        , Default       , Tucano         ,  30.0,    0.3,  20.0, Mac         ,        67
Tucano Dark Bag 13/14                                                                                  , Mac Universal, bag           , Default       , Tucano         ,  35.0,    8.0,  28.0, Mac         ,        64
Tucano Dark Slim bag 13 /14 -Red                                                                       , Mac Universal, bag           , Red           , Tucano         ,  35.0,    8.0,  28.0, Mac         ,         3
Tucano Dark Slimbag-Black Macbooks 13   14                                                             , MacBook      , bag           , Black         , Tucano         ,  35.0,    8.0,  28.0, Mac         ,        40
Tucano Dritta 15.6 Bag -Black Colour                                                                   , Mac Universal, bag           , Black         , Tucano         ,  35.0,    8.0,  28.0, Mac         ,         8
Tucano Dritta 15.6 Bag -Burgandy Colour                                                                , Mac Universal, bag           , Burgandy      , Tucano         ,  35.0,    8.0,  28.0, Mac         ,         9
Tucano Elements 2 Sleeve 13  - Black                                                                   , Mac Universal, sleeve        , Black         , Tucano         ,  30.0,    0.3,  20.0, Mac         ,         1
Tucano Elements 2 Sleeve 13  - Blue                                                                    , Mac Universal, sleeve        , Blue          , Tucano         ,  30.0,    0.3,  20.0, Mac         ,         1
Tucano Elements 2 Sleeve 13  - Grey                                                                    , Mac Universal, sleeve        , Grey          , Tucano         ,  30.0,    0.3,  20.0, Mac         ,         1
Tucano Elements 2 Sleeve 14  - Black                                                                   , Mac Universal, sleeve        , Black         , Tucano         ,  30.0,    0.3,  20.0, Mac         ,         1
Tucano Elements MBP 16 Space Grey Sleeve                                                               , Mac Universal, sleeve        , Grey          , Tucano         ,  30.0,    0.3,  20.0, Mac         ,         1
Tucano Faux Leather Sleeve-Black(13)                                                                   , Mac Universal, sleeve        , Black         , Tucano         ,  30.0,    0.3,  20.0, Mac         ,        12
Tucano Faux Leather Sleeve-Grey(13)                                                                    , Mac Universal, sleeve        , Grey          , Tucano         ,  30.0,    0.3,  20.0, Mac         ,         7
Tucano Faux Leather Sleeve-Yellow(13)                                                                  , Mac Universal, sleeve        , Yellow        , Tucano         ,  30.0,    0.3,  20.0, Mac         ,         6
Tucano Gommo Backpack 15 /16 -Yellow                                                                   , Mac Universal, bag           , Yellow        , Tucano         ,  35.0,    8.0,  28.0, Mac         ,         1
Tucano Gommo Backpack-Black upto Macbook 16                                                            , MacBook      , bag           , Black         , Tucano         ,  35.0,    8.0,  28.0, Mac         ,        16
Tucano Gommo Backpack-Blue upto Macbook 16                                                             , MacBook      , bag           , Blue          , Tucano         ,  35.0,    8.0,  28.0, Mac         ,         6
Tucano Gommo Bag 15 /16  - Blue                                                                        , Mac Universal, bag           , Blue          , Tucano         ,  35.0,    8.0,  28.0, Mac         ,         1
Tucano Gommo Shoulder Bag-Black upto Macbooks 16                                                       , MacBook      , bag           , Black         , Tucano         ,  35.0,    8.0,  28.0, Mac         ,        19
Tucano Gommo Sleeve 13 /14  - Yellow                                                                   , Mac Universal, sleeve        , Yellow        , Tucano         ,  30.0,    0.3,  20.0, Mac         ,         1
Tucano Gommo Sleeve 15 /16  - Grey                                                                     , Mac Universal, sleeve        , Grey          , Tucano         ,  30.0,    0.3,  20.0, Mac         ,         1
Tucano Gommo Sleeve Laptops upto 15.6   Macbooks upto 16 -Military Green                               , MacBook      , sleeve        , Green         , Tucano         ,  30.0,    0.3,  20.0, Mac         ,        30
Tucano Gommo Sleeve Laptops upto 15.6   Macbooks upto 16 -Yellow                                       , MacBook      , sleeve        , Yellow        , Tucano         ,  30.0,    0.3,  20.0, Mac         ,        17
Tucano Gommo Sleeve Ultrabooks   Macbooks 13 -Grey                                                     , MacBook      , sleeve        , Grey          , Tucano         ,  30.0,    0.3,  20.0, Mac         ,        55
Tucano Gommo Sleeve Ultrabooks   Macbooks 13 -Military Green                                           , MacBook      , sleeve        , Green         , Tucano         ,  30.0,    0.3,  20.0, Mac         ,        29
Tucano Gommo Sleeve-Black Ultrabooks   Macbooks 13                                                     , MacBook      , sleeve        , Black         , Tucano         ,  30.0,    0.3,  20.0, Mac         ,        40
Tucano Gommo Sleeve-Black upto Macbooks 16                                                             , MacBook      , sleeve        , Black         , Tucano         ,  30.0,    0.3,  20.0, Mac         ,        43
Tucano Gommo Sleeve-Blue Ultrabooks   Macbooks 13                                                      , MacBook      , sleeve        , Blue          , Tucano         ,  30.0,    0.3,  20.0, Mac         ,        63
Tucano Gommo Sleeve-Blue upto Macbooks 16                                                              , MacBook      , sleeve        , Blue          , Tucano         ,  30.0,    0.3,  20.0, Mac         ,        30
Tucano Gommo Slim bag 15 /16 - Grey                                                                    , Mac Universal, bag           , Grey          , Tucano         ,  35.0,    8.0,  28.0, Mac         ,         2
Tucano Gommo Slim bag 15 /16 - Military Green                                                          , Mac Universal, bag           , Green         , Tucano         ,  35.0,    8.0,  28.0, Mac         ,         3
Tucano Gommo Slimbag Macbooks 13   Laptops upto 14 -Blue                                               , MacBook      , bag           , Blue          , Tucano         ,  35.0,    8.0,  28.0, Mac         ,        51
Tucano Gommo Slimbag Macbooks 13   Laptops upto 14 -Grey                                               , MacBook      , bag           , Grey          , Tucano         ,  35.0,    8.0,  28.0, Mac         ,        26
Tucano Gommo Slimbag Macbooks 13   Laptops upto 14 -Military Green                                     , MacBook      , bag           , Green         , Tucano         ,  35.0,    8.0,  28.0, Mac         ,        41
Tucano Gommo Slimbag Macbooks 13   Laptops upto 14 -Yellow                                             , MacBook      , bag           , Yellow        , Tucano         ,  35.0,    8.0,  28.0, Mac         ,        15
Tucano Gommo Slimbag-Black Macbooks 13   14                                                            , MacBook      , bag           , Black         , Tucano         ,  35.0,    8.0,  28.0, Mac         ,        88
Tucano Gommo Slimbag-Black Macbooks upto 16                                                            , MacBook      , bag           , Black         , Tucano         ,  35.0,    8.0,  28.0, Mac         ,        27
Tucano Gommo Slimbag-Blue Macbooks upto 16                                                             , MacBook      , bag           , Blue          , Tucano         ,  35.0,    8.0,  28.0, Mac         ,        23
Tucano Isotta Slim bag 13 /14  - Black                                                                 , Mac Universal, bag           , Black         , Tucano         ,  35.0,    8.0,  28.0, Mac         ,         3
Tucano Isotta Slim bag 13 /14  - Dark Green                                                            , Mac Universal, bag           , Green         , Tucano         ,  35.0,    8.0,  28.0, Mac         ,         2
Tucano Isotta Slim bag 13 /14  - Dark Purple                                                           , Mac Universal, bag           , Purple        , Tucano         ,  35.0,    8.0,  28.0, Mac         ,         4
Tucano Isotta Slim bag 13 /14  - Pink                                                                  , Mac Universal, bag           , Pink          , Tucano         ,  35.0,    8.0,  28.0, Mac         ,         1
Tucano Isotta Slim bag 15 /16  - Black                                                                 , Mac Universal, bag           , Black         , Tucano         ,  35.0,    8.0,  28.0, Mac         ,         5
Tucano Isotta Slim bag 15 /16  - Dark Green                                                            , Mac Universal, bag           , Green         , Tucano         ,  35.0,    8.0,  28.0, Mac         ,         4
Tucano Isotta Slim bag 15 /16  - Pink                                                                  , Mac Universal, bag           , Pink          , Tucano         ,  35.0,    8.0,  28.0, Mac         ,         2
Tucano Melange Sleeve 13 /14 -Bordeux                                                                  , Mac Universal, sleeve        , Default       , Tucano         ,  30.0,    0.3,  20.0, Mac         ,         4
Tucano NIDO Hardshell MB Air 13 Sleeve Transparent                                                     , Mac Universal, sleeve        , Clear         , Tucano         ,  30.0,    0.3,  20.0, Mac         ,         1
Tucano NIDO Hardshell MB Pro 13 - Transparent                                                          , Mac Universal, hardshell case, Clear         , Tucano         ,  30.0,    1.5,  21.0, Mac         ,         3
Tucano Off Road Sleeve 13/14                                                                           , Mac Universal, sleeve        , Default       , Tucano         ,  30.0,    0.3,  20.0, Mac         ,        73
Tucano Planet AGS Backpack 16                                                                          , Mac Universal, bag           , Default       , Tucano         ,  35.0,    8.0,  28.0, Mac         ,        17
Tucano Planet Terra Backpack 16                                                                        , Mac Universal, bag           , Default       , Tucano         ,  35.0,    8.0,  28.0, Mac         ,        11
Tucano Sandy Sleeve 13/14                                                                              , Mac Universal, sleeve        , Default       , Tucano         ,  30.0,    0.3,  20.0, Mac         ,       126
Tucano Schizzo Sleeve Laptops upto 14   Macbooks 13/14  Easy Fit  -Green                               , MacBook      , sleeve        , Green         , Tucano         ,  30.0,    0.3,  20.0, Mac         ,        10
Tucano Second Skin sleeve designed especially for 13.3  and 14  notebooks - Black                      , Mac Universal, sleeve        , Black         , Tucano         ,  30.0,    0.3,  20.0, Mac         ,        89
Tucano Second Skin sleeve designed especially for 13.3  and 14  notebooks - Blue                       , Mac Universal, sleeve        , Blue          , Tucano         ,  30.0,    0.3,  20.0, Mac         ,        52
Tucano Second Skin sleeve designed especially for 13.3  and 14  notebooks - Purple                     , Mac Universal, sleeve        , Purple        , Tucano         ,  30.0,    0.3,  20.0, Mac         ,         1
Tucano Second Skin sleeve designed especially for 13.3  and 14  notebooks - Sky Blue                   , Mac Universal, sleeve        , Blue          , Tucano         ,  30.0,    0.3,  20.0, Mac         ,         5
"Tucano Second Skin sleeve designed especially for 13.3"" and 14"" notebooks - Pink - Red"             , Mac Universal, sleeve        , Pink          , Tucano         ,  30.0,    0.3,  20.0, Mac         ,        21
Tucano Second Skin sleeve designed especially for 15.6 notebooks - Purple                              , Mac Universal, sleeve        , Purple        , Tucano         ,  30.0,    0.3,  20.0, Mac         ,         1
"Tucano Second Skin sleeve designed especially for 15.6"" notebooks - Black"                           , Mac Universal, sleeve        , Black         , Tucano         ,  30.0,    0.3,  20.0, Mac         ,         2
"Tucano Second Skin sleeve designed especially for 15.6"" notebooks - Blue"                            , Mac Universal, sleeve        , Blue          , Tucano         ,  30.0,    0.3,  20.0, Mac         ,         2
"Tucano Second Skin sleeve designed especially for 15.6"" notebooks - Pink -Red"                       , Mac Universal, sleeve        , Pink          , Tucano         ,  30.0,    0.3,  20.0, Mac         ,         8
"Tucano Second Skin sleeve designed especially for 15.6"" notebooks - Sky Blue"                        , Mac Universal, sleeve        , Blue          , Tucano         ,  30.0,    0.3,  20.0, Mac         ,         1
Tucano Slimbag Minilux 13 Macbook - Acid Green                                                         , MacBook      , bag           , Green         , Tucano         ,  35.0,    8.0,  28.0, Mac         ,        15
Tucano Slimbag Minilux 13 Macbook - Blue                                                               , MacBook      , bag           , Blue          , Tucano         ,  35.0,    8.0,  28.0, Mac         ,        44
Tucano Slimbag Minilux 13 Macbook - Dark Grey                                                          , MacBook      , bag           , Grey          , Tucano         ,  35.0,    8.0,  28.0, Mac         ,        17
Tucano Slimbag Minilux 13 Macbook - Light Blue                                                         , MacBook      , bag           , Blue          , Tucano         ,  35.0,    8.0,  28.0, Mac         ,         3
Tucano Slimbag Minilux 13 Macbook - Pink                                                               , MacBook      , bag           , Pink          , Tucano         ,  35.0,    8.0,  28.0, Mac         ,         1
Tucano Smilza Slim Bag-Black                                                                           , Mac Universal, bag           , Black         , Tucano         ,  35.0,    8.0,  28.0, Mac         ,       104
Tucano Smilza Slim Bag-Blue                                                                            , Mac Universal, bag           , Blue          , Tucano         ,  35.0,    8.0,  28.0, Mac         ,        78
Tucano Smilza Slim Bag-Red                                                                             , Mac Universal, bag           , Red           , Tucano         ,  35.0,    8.0,  28.0, Mac         ,        14
Tucano Smilza Slim bag 13 /14 -Green                                                                   , Mac Universal, bag           , Green         , Tucano         ,  35.0,    8.0,  28.0, Mac         ,         1
Tucano Smilza Slim bag 13 /14 -Pink                                                                    , Mac Universal, bag           , Pink          , Tucano         ,  35.0,    8.0,  28.0, Mac         ,         1
Tucano Smilza Slim bag 15 /16 -Beige                                                                   , Mac Universal, bag           , Beige         , Tucano         ,  35.0,    8.0,  28.0, Mac         ,         2
Tucano Smilza Slim bag 15 /16 -Green                                                                   , Mac Universal, bag           , Green         , Tucano         ,  35.0,    8.0,  28.0, Mac         ,         2
Tucano Smilza Slim bag 15 /16 -Yellow                                                                  , Mac Universal, bag           , Yellow        , Tucano         ,  35.0,    8.0,  28.0, Mac         ,         1
Tucano Smilza Slimbag Macbooks 13   Laptops upto 14 -Beige                                             , MacBook      , bag           , Beige         , Tucano         ,  35.0,    8.0,  28.0, Mac         ,        50
Tucano Smilza Slimbag Macbooks 13   Laptops upto 14 -Yellow                                            , MacBook      , bag           , Yellow        , Tucano         ,  35.0,    8.0,  28.0, Mac         ,        25
Tucano Smilza Slimbag Macbooks upto 16   Laptops upto 15.6 -Black                                      , MacBook      , bag           , Black         , Tucano         ,  35.0,    8.0,  28.0, Mac         ,        38
Tucano Smilza Slimbag Macbooks upto 16   Laptops upto 15.6 -Blue                                       , MacBook      , bag           , Blue          , Tucano         ,  35.0,    8.0,  28.0, Mac         ,        37
Tucano Today Sleeve 13/14                                                                              , Mac Universal, sleeve        , Default       , Tucano         ,  30.0,    0.3,  20.0, Mac         ,        12
Tucano Top Sleeve 13 -Camo Beige                                                                       , Mac Universal, sleeve        , Beige         , Tucano         ,  30.0,    0.3,  20.0, Mac         ,         5
Tucano Top Sleeve 13/14                                                                                , Mac Universal, sleeve        , Default       , Tucano         ,  30.0,    0.3,  20.0, Mac         ,        73
Tucano Trecia Sleeve-Black upto 14   Macbooks 13                                                       , MacBook      , sleeve        , Black         , Tucano         ,  30.0,    0.3,  20.0, Mac         ,        22
Tucano Tugo Medium Travel Backpack - Blue                                                              , Mac Universal, bag           , Blue          , Tucano         ,  35.0,    8.0,  28.0, Mac         ,         1
Tucano Work Out 4 Bag 13/14                                                                            , Mac Universal, bag           , Default       , Tucano         ,  35.0,    8.0,  28.0, Mac         ,        29
Tucano Workout 4 Backpack 13/14                                                                        , Mac Universal, bag           , Default       , Tucano         ,  35.0,    8.0,  28.0, Mac         ,        11
UNQ-NEOPRENE LAPTOP SLEEVE (UPTO 16)-CPS-80773-GRY                                                     , Mac Universal, sleeve        , Default       , Uniq           ,  30.0,    0.3,  20.0, Mac         ,         1
WD MY PASSPORT FOR MAC 4TB BLUE                                                                        , Mac Universal, storage       , Blue          , Western Digital,   8.0,    1.5,  12.0, Mac         ,         1
WD MY PASSPORT FOR MAC 5TB BLUE                                                                        , Mac Universal, storage       , Blue          , Western Digital,   8.0,    1.5,  12.0, Mac         ,         1
Xtrememac MACBOOK CHARGING HUB ADAPTER                                                                 , MacBook      , hub           , Default       , Xtrememac      ,   8.0,    2.0,  16.0, Mac         ,         3
Xtrememac MAGNETIC PRIVACY FILTER - New MacBook PRO 16                                                 , MacBook Pro  , privacy filter, Default       , Xtrememac      ,  30.0,    0.3,  20.0, Mac         ,         2
Xtrememac MAGNETIC PRIVACY FILTER FOR MACBOOK PRO 13                                                   , MacBook Pro  , privacy filter, Default       , Xtrememac      ,  30.0,    0.3,  20.0, Mac         ,         4
Xtrememac REMOVABLE MAGNETIC SCREEN NEW MACBOOK AIR 13                                                 , MacBook Air  , keyboard skin , Default       , Xtrememac      ,  30.0,    0.1,  20.0, Mac         ,         1
Xtrememac TYPE-C HUB IPAD PRO & MACBOOK - HDMI + 2*USB-A + SD CARD + USB-C PD                          , MacBook      , hub           , Default       , Xtrememac      ,   8.0,    2.0,  16.0, Mac         ,        20
Xtrememac TYPE-C HUB PLUS - HDMI + 2*USB-A + SD CARD + USB-C + ETHERNET                                , Mac Universal, hub           , Default       , Xtrememac      ,   8.0,    2.0,  16.0, Mac         ,         1
Xtrememac TYPE-C TO HDMI CABLE - 1M - Space Grey                                                       , Mac Universal, cable         , Grey          , Xtrememac      ,  10.2,    2.8,  15.5, Mac         ,         5
Yeti - Blackout 'TWKOR'                                                                                , Mac Universal, peripheral    , Black         , Logitech       ,  10.0,    3.0,  12.0, Mac         ,         2
tomtoc Laptop Handbag 13.5 Green                                                                       , Mac Universal, bag           , Green         , tomtoc         ,  35.0,    8.0,  28.0, Mac         ,         4
tomtoc Laptop Handbag 13.5 Grey                                                                        , Mac Universal, bag           , Grey          , tomtoc         ,  35.0,    8.0,  28.0, Mac         ,         4
tomtoc Laptop Handbag 13.5 Yellow                                                                      , Mac Universal, bag           , Yellow        , tomtoc         ,  35.0,    8.0,  28.0, Mac         ,         5
tomtoc Laptop Handbag 14 Grey                                                                          , Mac Universal, bag           , Grey          , tomtoc         ,  35.0,    8.0,  28.0, Mac         ,         1
tomtoc Laptop Handbag 16 Black                                                                         , Mac Universal, bag           , Black         , tomtoc         ,  35.0,    8.0,  28.0, Mac         ,         4
tomtoc Laptop Shoulder Bag 13.5 Navy Blue                                                              , Mac Universal, bag           , Blue          , tomtoc         ,  35.0,    8.0,  28.0, Mac         ,         1
tomtoc Laptop Shoulder Bag 15.6 Navy Blue                                                              , Mac Universal, bag           , Blue          , tomtoc         ,  35.0,    8.0,  28.0, Mac         ,        51
tomtoc Laptop Sleeve 13 Grey                                                                           , Mac Universal, sleeve        , Grey          , tomtoc         ,  30.0,    0.3,  20.0, Mac         ,         6
tomtoc Laptop Sleeve 13.5 Black                                                                        , Mac Universal, sleeve        , Black         , tomtoc         ,  30.0,    0.3,  20.0, Mac         ,         2
tomtoc Laptop Sleeve 13.5 Grey                                                                         , Mac Universal, sleeve        , Grey          , tomtoc         ,  30.0,    0.3,  20.0, Mac         ,        12
tomtoc Laptop Sleeve 13.5 Pink                                                                         , Mac Universal, sleeve        , Pink          , tomtoc         ,  30.0,    0.3,  20.0, Mac         ,         8
tomtoc Laptop Sleeve 14  Black                                                                         , Mac Universal, sleeve        , Black         , tomtoc         ,  30.0,    0.3,  20.0, Mac         ,        62
tomtoc Laptop Sleeve 14  Blue                                                                          , Mac Universal, sleeve        , Blue          , tomtoc         ,  30.0,    0.3,  20.0, Mac         ,        50
tomtoc Laptop Sleeve 14in Black                                                                        , Mac Universal, sleeve        , Black         , tomtoc         ,  30.0,    0.3,  20.0, Mac         ,        10
tomtoc Laptop Sleeve 14in Navy Blue                                                                    , Mac Universal, sleeve        , Blue          , tomtoc         ,  30.0,    0.3,  20.0, Mac         ,        14
tomtoc Laptop Sleeve 14in Pink                                                                         , Mac Universal, sleeve        , Pink          , tomtoc         ,  30.0,    0.3,  20.0, Mac         ,         6
tomtoc Laptop Sleeve 16 Grey                                                                           , Mac Universal, sleeve        , Grey          , tomtoc         ,  30.0,    0.3,  20.0, Mac         ,         6
